condition,prompt_id,beta_ratio,layers,target,answer,correct,semantic_drift,attention_entropy,answer_tokens,repeat_frac,coherence_proxy
baseline,p000,1.0,all,Kira-000 DN-1791,"Kira-000
DN-1791",1,0.4205610752105713,0.31232726853340864,4,0.25,1.0
baseline,p001,1.0,all,Silas-001 BR-2013,"Silas-001, BR-2013",1,0.32992637157440186,0.3131407853215933,4,0.25,1.0
baseline,p002,1.0,all,Rhea-002 EV-1976,"Rhea-002, EV-1976",1,0.366249680519104,0.30876883305609226,4,0.25,1.0
baseline,p003,1.0,all,Kira-003 CY-2199,"Kira-003, CY-2199",1,0.35455745458602905,0.3169630840420723,4,0.25,1.0
baseline,p004,1.0,all,Cora-004 DN-2064,"Cora-004
DN-2064",1,0.39852285385131836,0.31251221895217896,4,0.25,1.0
baseline,p005,1.0,all,Jules-005 BR-7519,"Jules-005
BR-7519",1,0.4282783269882202,0.31494796741753817,4,0.25,1.0
baseline,p006,1.0,all,Cora-006 BR-4800,"Cora-006, BR-4800",1,0.3739011883735657,0.30757288821041584,4,0.25,1.0
baseline,p007,1.0,all,Rhea-007 DN-7536,"Rhea-007
DN-7536",1,0.41136258840560913,0.3123052781447768,4,0.25,1.0
baseline,p008,1.0,all,Silas-008 EV-2662,"Silas-008
EV-2662",1,0.3788996934890747,0.31210622284561396,4,0.25,1.0
baseline,p009,1.0,all,Pavel-009 AX-3361,"Pavel-009, AX-3361",1,0.3991311192512512,0.3106003012508154,4,0.25,1.0
baseline,p010,1.0,all,Felix-010 BR-9725,Felix-010,0,0.43725889921188354,0.3125453367829323,2,0.5,1.0
baseline,p011,1.0,all,Tara-011 DN-6726,Tara-011,0,0.46482545137405396,0.3099816096946597,2,0.5,1.0
baseline,p012,1.0,all,Dante-012 BR-8832,Dante-012,0,0.4456000328063965,0.31302856374531984,2,0.5,1.0
baseline,p013,1.0,all,Elena-013 EV-8771,"Elena-013, EV-8771",1,0.37387609481811523,0.30966491624712944,4,0.25,1.0
baseline,p014,1.0,all,Hugo-014 CY-5249,"Hugo-014, CY-5249",1,0.34864509105682373,0.3177925441414118,4,0.25,1.0
baseline,p015,1.0,all,Pavel-015 AX-2011,Pavel-015,0,0.49342405796051025,0.31319874804466963,2,0.5,1.0
baseline,p016,1.0,all,Quinn-016 EV-4267,Quinn-016,0,0.42206114530563354,0.30653776228427887,2,0.5,1.0
baseline,p017,1.0,all,Hugo-017 AX-4484,"Hugo-017, AX-4484",1,0.3476128578186035,0.3132983325049281,4,0.25,1.0
baseline,p018,1.0,all,Nolan-018 DN-6556,"Nolan-018
DN-6556",1,0.40023815631866455,0.31154730170965195,4,0.25,1.0
baseline,p019,1.0,all,Cora-019 BR-2716,"Cora-019
BR-2716",1,0.4052790403366089,0.3187083099037409,4,0.25,1.0
baseline,p020,1.0,all,Basil-020 DN-2186,"Basil-020
DN-2186",1,0.40617167949676514,0.3134911861270666,4,0.25,1.0
baseline,p021,1.0,all,Elena-021 EV-4906,Elena-021,0,0.48093855381011963,0.31357251666486263,2,0.5,1.0
baseline,p022,1.0,all,Ada-022 AX-1251,"Ada-022, AX-1251",1,0.40390241146087646,0.30918055307120085,4,0.25,1.0
baseline,p023,1.0,all,Elena-023 CY-1891,"Elena-023
CY-1891",1,0.41455888748168945,0.3145407298579812,4,0.25,1.0
layer_0,p000,0.35,0,Kira-000 DN-1791,Kira-000,0,0.4706699848175049,0.33746984228491783,2,0.5,1.0
layer_0,p001,0.35,0,Silas-001 BR-2013,"Silas-001, BR-2013",1,0.32174134254455566,0.33855488523840904,4,0.25,1.0
layer_0,p002,0.35,0,Rhea-002 EV-1976,"Rhea-002, EV-1976",1,0.3481588363647461,0.333149635232985,4,0.25,1.0
layer_0,p003,0.35,0,Kira-003 CY-2199,"Kira-003, CY-2199",1,0.35935282707214355,0.34169220365583897,4,0.25,1.0
layer_0,p004,0.35,0,Cora-004 DN-2064,"Cora-004, DN-2064",1,0.34598225355148315,0.33723386842757463,4,0.25,1.0
layer_0,p005,0.35,0,Jules-005 BR-7519,"Jules-005, BR-7519",1,0.3637723922729492,0.3402943015098572,4,0.25,1.0
layer_0,p006,0.35,0,Cora-006 BR-4800,"Cora-006, BR-4800",1,0.37774866819381714,0.3313872264698148,4,0.25,1.0
layer_0,p007,0.35,0,Rhea-007 DN-7536,Rhea-007,0,0.4275212287902832,0.3405781136825681,2,0.5,1.0
layer_0,p008,0.35,0,Silas-008 EV-2662,Silas-008,0,0.379988431930542,0.3350578313693404,2,0.5,1.0
layer_0,p009,0.35,0,Pavel-009 AX-3361,"Pavel-009, AX-3361",1,0.4137541651725769,0.33410579431802034,4,0.25,1.0
layer_0,p010,0.35,0,Felix-010 BR-9725,"Felix-010, BR-9725",1,0.3507472276687622,0.3363919388502836,4,0.25,1.0
layer_0,p011,0.35,0,Tara-011 DN-6726,"Tara-011, DN-6726",1,0.36641961336135864,0.3331381808966398,4,0.25,1.0
layer_0,p012,0.35,0,Dante-012 BR-8832,"Dante-012, BR-8832",1,0.3739832639694214,0.3363103726878762,4,0.25,1.0
layer_0,p013,0.35,0,Elena-013 EV-8771,Elena-013,0,0.44301432371139526,0.33390245866030455,2,0.5,1.0
layer_0,p014,0.35,0,Hugo-014 CY-5249,"Hugo-014, CY-5249",1,0.3244631290435791,0.3424269361421466,4,0.25,1.0
layer_0,p015,0.35,0,Pavel-015 AX-2011,Pavel-015,0,0.5139522552490234,0.3372238390147686,2,0.5,1.0
layer_0,p016,0.35,0,Quinn-016 EV-4267,Quinn-016,0,0.38875699043273926,0.33298695646226406,2,0.5,1.0
layer_0,p017,0.35,0,Hugo-017 AX-4484,"Hugo-017, AX-4484",1,0.3372024893760681,0.3383679324761033,4,0.25,1.0
layer_0,p018,0.35,0,Nolan-018 DN-6556,"Nolan-018, DN-6556",1,0.3434944152832031,0.33583215344697237,4,0.25,1.0
layer_0,p019,0.35,0,Cora-019 BR-2716,"Cora-019, BR-2716",1,0.3524567484855652,0.34237415343523026,4,0.25,1.0
layer_0,p020,0.35,0,Basil-020 DN-2186,Basil-020,0,0.47130775451660156,0.33872340340167284,2,0.5,1.0
layer_0,p021,0.35,0,Elena-021 EV-4906,"Elena-021, EV-4906",1,0.3803187608718872,0.33763042744249105,4,0.25,1.0
layer_0,p022,0.35,0,Ada-022 AX-1251,"Ada-022, AX-1251",1,0.3905852437019348,0.3357985122129321,4,0.25,1.0
layer_0,p023,0.35,0,Elena-023 CY-1891,"Elena-023, CY-1891",1,0.3663550615310669,0.33875167835503817,4,0.25,1.0
layer_1,p000,0.35,1,Kira-000 DN-1791,Kira-000 hid the copper lantern under code DN-1791.,1,0.202134370803833,0.3501643817871809,10,0.1,1.0
layer_1,p001,0.35,1,Silas-001 BR-2013,"The blue compass was hidden under the code BR-2013.

Explanation: The blue compass was hidden under the code BR",0,0.10663622617721558,0.3566672233864665,20,0.2,1.0
layer_1,p002,0.35,1,Rhea-002 EV-1976,"The blue compass under code was EV-1976.

Explanation: The blue compass under code is EV-1976.",0,0.1493169665336609,0.35470269061625004,17,0.11764705882352941,1.0
layer_1,p003,0.35,1,Kira-003 CY-2199,"The person hid the violet kite, and the code is CY-2199.",0,0.13614529371261597,0.36066429130733013,12,0.25,1.0
layer_1,p004,0.35,1,Cora-004 DN-2064,The code is DN-2064.,0,0.22385740280151367,0.3542795814573765,5,0.2,1.0
layer_1,p005,0.35,1,Jules-005 BR-7519,"The person's identifier is Jules-005.
The code is BR-7519.",1,0.1771540641784668,0.3575736368075013,12,0.16666666666666666,1.0
layer_1,p006,0.35,1,Cora-006 BR-4800,"The copper lantern was hidden under code BR-4800.

Explanation: 
The copper lantern was a key item in the",0,0.1397942304611206,0.35195061936974525,19,0.15789473684210525,1.0
layer_1,p007,0.35,1,Rhea-007 DN-7536,Rhea-007 hid the obsidian cup under code DN-7536.,1,0.15767264366149902,0.3586537605151534,10,0.1,1.0
layer_1,p008,0.35,1,Silas-008 EV-2662,The code was EV-2662.,0,0.2141461968421936,0.35463728103786707,5,0.2,1.0
layer_1,p009,0.35,1,Pavel-009 AX-3361,"The code is not provided in the context. However, based on the information given, it can be inferred that the code",0,0.17643404006958008,0.35393596068024635,21,0.19047619047619047,1.0
layer_1,p010,0.35,1,Felix-010 BR-9725,Felix-010,0,0.4365309476852417,0.35404866002500057,2,0.5,1.0
layer_1,p011,0.35,1,Tara-011 DN-6726,The ivory key was hidden under code DN-6726.,0,0.14457857608795166,0.35185458045452833,9,0.1111111111111111,1.0
layer_1,p012,0.35,1,Dante-012 BR-8832,"The code was ""BR-8832.""",0,0.28531402349472046,0.35243141930550337,5,0.2,1.0
layer_1,p013,0.35,1,Elena-013 EV-8771,The code was EV-8771.,0,0.22443097829818726,0.35116950795054436,5,0.2,1.0
layer_1,p014,0.35,1,Hugo-014 CY-5249,The code is CY-5249.,0,0.2615041732788086,0.35572298895567656,5,0.2,1.0
layer_1,p015,0.35,1,Pavel-015 AX-2011,The code was AX-2011.,0,0.23344123363494873,0.3548269607126713,5,0.2,1.0
layer_1,p016,0.35,1,Quinn-016 EV-4267,The code is EV-4267.,0,0.22931355237960815,0.35336980503052473,5,0.2,1.0
layer_1,p017,0.35,1,Hugo-017 AX-4484,"The person hid the obsidian cup, and the code is not specified.

Answer:",0,0.12105435132980347,0.3570521818473935,13,0.23076923076923078,1.0
layer_1,p018,0.35,1,Nolan-018 DN-6556,The code is DN-6556.,0,0.22279024124145508,0.35555512364953756,5,0.2,1.0
layer_1,p019,0.35,1,Cora-019 BR-2716,"The code is not explicitly stated in the context, but based on the given information, it can be inferred that:

-",0,0.15792310237884521,0.35884750355035067,20,0.15,1.0
layer_1,p020,0.35,1,Basil-020 DN-2186,The code was DN-2186.,0,0.1990697979927063,0.35493113473057747,5,0.2,1.0
layer_1,p021,0.35,1,Elena-021 EV-4906,"The code was ""EV-4906"".",0,0.28780442476272583,0.35352226067334414,5,0.2,1.0
layer_1,p022,0.35,1,Ada-022 AX-1251,"The green hourglass, and the code was Ada-022.",0,0.1619194746017456,0.353314102627337,9,0.2222222222222222,1.0
layer_1,p023,0.35,1,Elena-023 CY-1891,The code is CY-1891.,0,0.28382235765457153,0.35798061918467283,5,0.2,1.0
layer_2,p000,0.35,2,Kira-000 DN-1791,"You've shown since a (g8) we've got, and what was the code? (Answer: D)",0,0.1774349808692932,0.36644621565937996,16,0.125,1.0
layer_2,p001,0.35,2,Silas-001 BR-2013,"The answer is accepted, but a family, and a shared experience, and a shared journey, and contributions, you helped",0,0.21351730823516846,0.37651575170457363,19,0.15789473684210525,1.0
layer_2,p002,0.35,2,Rhea-002 EV-1976,"The answer was a successful session of the user, in the user, in the user, in the user, in the",0,0.18419528007507324,0.37210220750421286,20,0.3,1.0
layer_2,p003,0.35,2,Kira-003 CY-2199,"*  1  (and how long) the code, the collection was complete and merely, the archive that made",0,0.15661531686782837,0.38363562151789665,16,0.1875,1.0
layer_2,p004,0.35,2,Cora-004 DN-2064,"The index used cataloged twice, once by.",0,0.1781376600265503,0.3670120323076844,7,0.14285714285714285,1.0
layer_2,p005,0.35,2,Jules-005 BR-7519,"To use the copper lantern, and what was the code?",0,0.2072429060935974,0.3764484142884612,10,0.2,1.0
layer_2,p006,0.35,2,Cora-006 BR-4800,Answer: The index used a private shorthand that only half explained itself.,0,0.1470906138420105,0.37733633257448673,12,0.08333333333333333,1.0
layer_2,p007,0.35,2,Rhea-007 DN-7536,*  1 1 1 1 1 1 1 1 1 1 1,0,0.41189491748809814,0.37438230216503143,11,1.0,0.0
layer_2,p008,0.35,2,Silas-008 EV-2662,"* 5 c. 30, the index used a private shorthand that only half explained. The index used a private",0,0.13362443447113037,0.37121433205902576,18,0.1111111111111111,1.0
layer_2,p009,0.35,2,Pavel-009 AX-3361,"### your. The test was held, several, and the test that made the test that made the test that made the",0,0.1547379493713379,0.37311558332294226,20,0.25,1.0
layer_2,p010,0.35,2,Felix-010 BR-9725,"Question: Who hid the ivory key, and what was the code.",0,0.20313739776611328,0.3688540328294039,11,0.18181818181818182,1.0
layer_2,p011,0.35,2,Tara-011 DN-6726,"You've shown since the code, and what you requested, and all, and all, and every, and every,",0,0.1325443983078003,0.3685645228251815,18,0.2777777777777778,1.0
layer_2,p012,0.35,2,Dante-012 BR-8832,You've expressed items ideally and once again. A happy clerk moved between the aisles without disturbing the dust. A happy,0,0.12117868661880493,0.3704532887786627,21,0.09523809523809523,1.0
layer_2,p013,0.35,2,Elena-013 EV-8771,"The archive was cataloged twice, once by date and once by texture.",0,0.19402945041656494,0.3680923152714968,12,0.16666666666666666,1.0
layer_2,p014,0.35,2,Hugo-014 CY-5249,"Question: Who hid the crimson marble, and what was the code?",0,0.24564194679260254,0.3814160255715251,11,0.18181818181818182,1.0
layer_2,p015,0.35,2,Pavel-015 AX-2011,*  1. 1. 1. 1. 1. 1. 1.,0,0.32221370935440063,0.3775782445445657,7,1.0,0.0
layer_2,p016,0.35,2,Quinn-016 EV-4267,"The index used a private shorthand that only half explained, missing, letters, receipts, tools, and old photographs. Every",0,0.12797510623931885,0.36965966783463955,18,0.05555555555555555,1.0
layer_2,p017,0.35,2,Hugo-017 AX-4484,### The index used a private shorthand that only half explained. The afternoon light made the windows look like panes of honey,0,0.1450231671333313,0.38105976954102516,21,0.14285714285714285,1.0
layer_2,p018,0.35,2,Nolan-018 DN-6556,"Question, the second of [answer] 2017, and the second of [answer] 2017, and",0,0.1751488447189331,0.3650945844128728,13,0.15384615384615385,1.0
layer_2,p019,0.35,2,Cora-019 BR-2716,The index used a private shorthand that only half explained.,0,0.21412229537963867,0.37147701904177666,10,0.1,1.0
layer_2,p020,0.35,2,Basil-020 DN-2186,"The final answer, which was cataloged twice, once by date and once by texture. The room contained maps, receipts",0,0.12965333461761475,0.37009045016020536,19,0.10526315789473684,1.0
layer_2,p021,0.35,2,Elena-021 EV-4906,"The final answer, did: 2021 Elena.",0,0.250469446182251,0.3776092901825905,6,0.16666666666666666,1.0
layer_2,p022,0.35,2,Ada-022 AX-1251,"The index used, a private, was a success, and a success, and a pleasure, and a pleasure, and",0,0.13683468103408813,0.36570156179368496,18,0.2777777777777778,1.0
layer_2,p023,0.35,2,Elena-023 CY-1891,"Answer: 5 (hide) was the first time, and the first time, and the first time, and the",0,0.18352603912353516,0.38478722516447306,17,0.23529411764705882,1.0
layer_3,p000,0.35,3,Kira-000 DN-1791,"I'll provide the code for the problem you described. Let me know if you have any.

The problem you described is",0,0.24200940132141113,0.3284009052440524,22,0.13636363636363635,1.0
layer_3,p001,0.35,3,Silas-001 BR-2013,"In this format, there is no specific task provided to solve this problem. 

However, there are some specific tasks provided",0,0.21258807182312012,0.33256058767437935,20,0.1,1.0
layer_3,p002,0.35,3,Rhea-002 EV-1976,"I don't have a coffee, a type of cake, or a craft. I don't have an exact retrieval task",0,0.25870996713638306,0.334269892424345,21,0.14285714285714285,1.0
layer_3,p003,0.35,3,Kira-003 CY-2199,"The code is the following, I can provide it:

- The code is the following, I can provide it:
-",0,0.21945488452911377,0.33873170614242554,18,0.2222222222222222,1.0
layer_3,p004,0.35,3,Cora-004 DN-2064,I'll provide the code for the problem you described. Let me know if you have anything to do with the context you,0,0.244165301322937,0.3288445919752121,23,0.13043478260869565,1.0
layer_3,p005,0.35,3,Jules-005 BR-7519,You're not answering the question. There is a problem with the question on the text. It is not a problem on,0,0.23816001415252686,0.33741958625614643,22,0.13636363636363635,1.0
layer_3,p006,0.35,3,Cora-006 BR-4800,"I'll provide the code for the problem you described. However, I must clarify that I don't have personal experience with",0,0.27213311195373535,0.3308828938752413,22,0.13636363636363635,1.0
layer_3,p007,0.35,3,Rhea-007 DN-7536,"You are a young programmer, and this answer is not a question.",0,0.23648017644882202,0.33612102549523115,12,0.16666666666666666,1.0
layer_3,p008,0.35,3,Silas-008 EV-2662,The code is not provided.,0,0.2635195255279541,0.3287315769121051,5,0.2,1.0
layer_3,p009,0.35,3,Pavel-009 AX-3361,"I don't have the full code, as there are many lawyers in the oven. 

However, there are two essential",0,0.2134174108505249,0.3314006179571152,20,0.1,1.0
layer_3,p010,0.35,3,Felix-010 BR-9725,"I don't have the information that would allow me to be the queen of the world, and I don't have the",0,0.21286475658416748,0.3323339354246855,23,0.17391304347826086,1.0
layer_3,p011,0.35,3,Tara-011 DN-6726,I don't have the information to provide a single answer. I can provide a single answer.,0,0.21905916929244995,0.33107079192996025,17,0.11764705882352941,1.0
layer_3,p012,0.35,3,Dante-012 BR-8832,I don't have the ability to handle a customer's cart wheel. Your browser can use functions like these to provide control,0,0.2002267837524414,0.33287317119538784,23,0.08695652173913043,1.0
layer_3,p013,0.35,3,Elena-013 EV-8771,"I'll provide the code for the problem you described. Let me know if you have something to do with:

1.",0,0.2567249536514282,0.32043607346713543,21,0.09523809523809523,1.0
layer_3,p014,0.35,3,Hugo-014 CY-5249,"The code is exactly retrieval, and the context for this task, we can use it, is:

* Who:",0,0.18418407440185547,0.3460227781906724,17,0.11764705882352941,1.0
layer_3,p015,0.35,3,Pavel-015 AX-2011,"I don't have the full code, and
I don't have a similar one. 

I don't have the",0,0.24471008777618408,0.33201176952570677,20,0.15,1.0
layer_3,p016,0.35,3,Quinn-016 EV-4267,"I don't have a good thing, and I will not be encumbered. I don't have a good thing",0,0.22443103790283203,0.32968091033399105,20,0.15,1.0
layer_3,p017,0.35,3,Hugo-017 AX-4484,"I don't have the capability to be a blogger, nor do I have the capability to be a blogger.",0,0.2549624443054199,0.33163742162287235,20,0.1,1.0
layer_3,p018,0.35,3,Nolan-018 DN-6556,"I'll provide the code for the problem you described. Let me know if you have any code, and I'll provide",0,0.2680612802505493,0.3319951491430402,22,0.09090909090909091,1.0
layer_3,p019,0.35,3,Cora-019 BR-2716,"I don't have the full code, as there is no clear and concise function.",0,0.20450609922409058,0.3360223062336445,15,0.06666666666666667,1.0
layer_3,p020,0.35,3,Basil-020 DN-2186,"I'll provide the code for the problem you described. Let me know if you have any problem, and I'll explain",0,0.25166428089141846,0.3332796934992075,22,0.09090909090909091,1.0
layer_3,p021,0.35,3,Elena-021 EV-4906,"I don't have the capability to provide a human-readable code, nor do I have the capability to provide a human-readable",0,0.2451162338256836,0.33354409970343113,23,0.08695652173913043,1.0
layer_3,p022,0.35,3,Ada-022 AX-1251,"I don't have a coffee, a type of coffee, an article of another, a song of another, a text",0,0.24238717555999756,0.3277950594201684,20,0.2,1.0
layer_3,p023,0.35,3,Elena-023 CY-1891,"I don't have the full code, as you mentioned, I don't have a time slot filled with a piano,",0,0.18670421838760376,0.3383733471855521,21,0.09523809523809523,1.0
layer_4,p000,0.35,4,Kira-000 DN-1791,"No
Kira-000
DN-1791",1,0.43825507164001465,0.34706445410847664,5,0.2,1.0
layer_4,p001,0.35,4,Silas-001 BR-2013,No,0,0.6205129027366638,0.35228216275572777,1,1.0,0.0
layer_4,p002,0.35,4,Rhea-002 EV-1976,I can only provide the information you need if you can send eF1 = 100.,0,0.19077253341674805,0.3430543439462781,14,0.14285714285714285,1.0
layer_4,p003,0.35,4,Kira-003 CY-2199,"Kira-003
CY-2199
CY-2199
CY-2199
CY-2199",1,0.4847811460494995,0.35043516382575035,10,0.4,1.0
layer_4,p004,0.35,4,Cora-004 DN-2064,"None
Cora-004
DN-2064
Cora-004
DN-2064
Cor-",1,0.42397594451904297,0.34823909495025873,10,0.2,1.0
layer_4,p005,0.35,4,Jules-005 BR-7519,"Jules-005
BR-7519",1,0.4812290668487549,0.35429452173411846,4,0.25,1.0
layer_4,p006,0.35,4,Cora-006 BR-4800,"I can answer, but I can't provide the code.",0,0.24535739421844482,0.34295979887247086,10,0.2,1.0
layer_4,p007,0.35,4,Rhea-007 DN-7536,"I can only provide the answer.

Rhea-007 hid the obsidian cup under code DN-7536. No",1,0.17228102684020996,0.350343419238925,17,0.11764705882352941,1.0
layer_4,p008,0.35,4,Silas-008 EV-2662,None,0,0.48690104484558105,0.3475397862493992,1,1.0,0.0
layer_4,p009,0.35,4,Pavel-009 AX-3361,I don't have any information about the code.,0,0.22732222080230713,0.3468285286799073,9,0.1111111111111111,1.0
layer_4,p010,0.35,4,Felix-010 BR-9725,I don't have any information on the code or the notes in the margin.,0,0.17416894435882568,0.3509257398545742,15,0.2,1.0
layer_4,p011,0.35,4,Tara-011 DN-6726,"I can't provide any further information regarding the code, as the code is classified.",0,0.20841848850250244,0.3427618695423007,15,0.13333333333333333,1.0
layer_4,p012,0.35,4,Dante-012 BR-8832,"# No
#",0,0.5692088007926941,0.3458311492577195,1,1.0,0.0
layer_4,p013,0.35,4,Elena-013 EV-8771,"Elena-013 
The crimson marble under code EV-8771. 
The afternoon light made the windows look like",1,0.17331254482269287,0.3449165653437376,17,0.17647058823529413,1.0
layer_4,p014,0.35,4,Hugo-014 CY-5249,"Hugo-014
CY-5249",1,0.44579237699508667,0.35713707096874714,4,0.25,1.0
layer_4,p015,0.35,4,Pavel-015 AX-2011,"I can answer the question, but I will not provide Pavel-015 as the code.",0,0.18692266941070557,0.3472585482522845,15,0.13333333333333333,1.0
layer_4,p016,0.35,4,Quinn-016 EV-4267,"I can provide the information, but I cannot provide the code.",0,0.265850305557251,0.3468257198110223,11,0.18181818181818182,1.0
layer_4,p017,0.35,4,Hugo-017 AX-4484,"Hugo
Hugo-017",0,0.5934411287307739,0.3515851004049182,3,0.6666666666666666,0.0
layer_4,p018,0.35,4,Nolan-018 DN-6556,"Nolan
DN-6556",0,0.4994206428527832,0.34473355673253536,3,0.3333333333333333,1.0
layer_4,p019,0.35,4,Cora-019 BR-2716,None,0,0.5075668096542358,0.352339637465775,1,1.0,0.0
layer_4,p020,0.35,4,Basil-020 DN-2186,I don't have any further information about the code or the proverb.,0,0.18943274021148682,0.3503701463341713,13,0.15384615384615385,1.0
layer_4,p021,0.35,4,Elena-021 EV-4906,"Elena-021
EV-4906",1,0.4941166639328003,0.3484854707494378,4,0.25,1.0
layer_4,p022,0.35,4,Ada-022 AX-1251,"No
Answer:",0,0.37379729747772217,0.34179071709513664,2,0.5,1.0
layer_4,p023,0.35,4,Elena-023 CY-1891,Elena-023 | CY-1891,1,0.436936616897583,0.3503322396427393,4,0.25,1.0
layer_5,p000,0.35,5,Kira-000 DN-1791,Kira-000,0,0.5362708866596222,0.33325532637536526,2,0.5,1.0
layer_5,p001,0.35,5,Silas-001 BR-2013,BR-2013,0,0.4569282531738281,0.3370881397277117,2,0.5,1.0
layer_5,p002,0.35,5,Rhea-002 EV-1976,Rhea-002,0,0.4765981435775757,0.33143705129623413,2,0.5,1.0
layer_5,p003,0.35,5,Kira-003 CY-2199,Violet-001: CY-2199,0,0.3931341767311096,0.3438544673845172,4,0.25,1.0
layer_5,p004,0.35,5,Cora-004 DN-2064,Cora-004,0,0.46247971057891846,0.3324244124814868,2,0.5,1.0
layer_5,p005,0.35,5,Jules-005 BR-7519,C-001,0,0.5749877393245697,0.3405760684981942,2,0.5,1.0
layer_5,p006,0.35,5,Cora-006 BR-4800,Cora-006,0,0.4742997884750366,0.3293034601956606,2,0.5,1.0
layer_5,p007,0.35,5,Rhea-007 DN-7536,Rhea-007,0,0.47622156143188477,0.3366642892360687,2,0.5,1.0
layer_5,p008,0.35,5,Silas-008 EV-2662,Silas-008,0,0.40466833114624023,0.33447472658008337,2,0.5,1.0
layer_5,p009,0.35,5,Pavel-009 AX-3361,Pavel-009,0,0.5553222894668579,0.3355727465823293,2,0.5,1.0
layer_5,p010,0.35,5,Felix-010 BR-9725,Felix-010,0,0.4519951343536377,0.33626644872128963,2,0.5,1.0
layer_5,p011,0.35,5,Tara-011 DN-6726,Tara-011,0,0.49542635679244995,0.3332337075844407,2,0.5,1.0
layer_5,p012,0.35,5,Dante-012 BR-8832,BR-8832,0,0.48853933811187744,0.33495754189789295,2,0.5,1.0
layer_5,p013,0.35,5,Elena-013 EV-8771,Elena-013,0,0.4723602533340454,0.3329127784818411,2,0.5,1.0
layer_5,p014,0.35,5,Hugo-014 CY-5249,1 1 1 1 1 1 1 1 1 1 1 1,0,0.49584317207336426,0.34286317229270935,12,1.0,0.0
layer_5,p015,0.35,5,Pavel-015 AX-2011,Pavel-015,0,0.5275906324386597,0.33723779395222664,2,0.5,1.0
layer_5,p016,0.35,5,Quinn-016 EV-4267,QV 001 - 02 001 - 02 001 - 02 001 - 02 001,0,0.40148890018463135,0.3327327026054263,10,0.5,1.0
layer_5,p017,0.35,5,Hugo-017 AX-4484,AX-4484,0,0.47670453786849976,0.33797478303313255,2,0.5,1.0
layer_5,p018,0.35,5,Nolan-018 DN-6556,"Nolan-018, code DN-6556",1,0.3119248151779175,0.3361923396587372,5,0.2,1.0
layer_5,p019,0.35,5,Cora-019 BR-2716,BR-2716,0,0.48121780157089233,0.338465079665184,2,0.5,1.0
layer_5,p020,0.35,5,Basil-020 DN-2186,Basil-020,0,0.5116925835609436,0.33647575974464417,2,0.5,1.0
layer_5,p021,0.35,5,Elena-021 EV-4906,Elena-021,0,0.4981454014778137,0.3351130746304989,2,0.5,1.0
layer_5,p022,0.35,5,Ada-022 AX-1251,AX-1251,0,0.4728725552558899,0.3288818830624223,2,0.5,1.0
layer_5,p023,0.35,5,Elena-023 CY-1891,Elena-023,0,0.4813745617866516,0.3394448487088084,2,0.5,1.0
layer_6,p000,0.35,6,Kira-000 DN-1791,Kira-000 hid the copper lantern under code DN-1791.,1,0.23471051454544067,0.33440658170729876,10,0.1,1.0
layer_6,p001,0.35,6,Silas-001 BR-2013,Silas-001 hid the blue compass under code BR-2013.,1,0.1808774471282959,0.3346887119114399,10,0.1,1.0
layer_6,p002,0.35,6,Rhea-002 EV-1976,Rhea-002 hid the blue compass under code EV-1976.,1,0.2044926881790161,0.33308738842606544,10,0.1,1.0
layer_6,p003,0.35,6,Kira-003 CY-2199,Kira-003,0,0.4839266538619995,0.340688306838274,2,0.5,1.0
layer_6,p004,0.35,6,Cora-004 DN-2064,Cora-004 hid the green hourglass under code DN-2064.,1,0.2009972333908081,0.3319600820541382,10,0.1,1.0
layer_6,p005,0.35,6,Jules-005 BR-7519,Jules-005 hid the copper lantern under code BR-7519.,1,0.194411039352417,0.3375472854822874,10,0.1,1.0
layer_6,p006,0.35,6,Cora-006 BR-4800,Cora-006 hid the copper lantern under code BR-4800.,1,0.22375500202178955,0.33000198658555746,10,0.1,1.0
layer_6,p007,0.35,6,Rhea-007 DN-7536,Rhea-007.,0,0.4776250123977661,0.3347125547006726,2,0.5,1.0
layer_6,p008,0.35,6,Silas-008 EV-2662,Silas-008,0,0.4127679467201233,0.3342306111007929,2,0.5,1.0
layer_6,p009,0.35,6,Pavel-009 AX-3361,Pavel-009 hid the green hourglass under code AX-3361.,1,0.2224959135055542,0.33419289253652096,10,0.1,1.0
layer_6,p010,0.35,6,Felix-010 BR-9725,Felix-010.,0,0.4599798917770386,0.3353386614471674,2,0.5,1.0
layer_6,p011,0.35,6,Tara-011 DN-6726,Tara-011 hid the ivory key under code DN-6726.,1,0.2097550630569458,0.3332557138055563,10,0.1,1.0
layer_6,p012,0.35,6,Dante-012 BR-8832,Dante-012,0,0.4635474681854248,0.33441988099366426,2,0.5,1.0
layer_6,p013,0.35,6,Elena-013 EV-8771,Elena-013 hid the crimson marble under code EV-8771.,1,0.2107480764389038,0.3321381490677595,10,0.1,1.0
layer_6,p014,0.35,6,Hugo-014 CY-5249,Hugo-014 hid the crimson marble under code CY-5249.,1,0.20169591903686523,0.3387924851849675,10,0.1,1.0
layer_6,p015,0.35,6,Pavel-015 AX-2011,Pavel-015 hid the crimson marble under code AX-2011.,1,0.21754944324493408,0.33569535054266453,10,0.1,1.0
layer_6,p016,0.35,6,Quinn-016 EV-4267,Quinn-016 hid the crimson marble under code EV-4267.,1,0.18410766124725342,0.32889099698513746,10,0.1,1.0
layer_6,p017,0.35,6,Hugo-017 AX-4484,Hugo-017 hid the obsidian cup under code AX-4484.,1,0.19390547275543213,0.3352230954915285,10,0.1,1.0
layer_6,p018,0.35,6,Nolan-018 DN-6556,Nolan-018 hid the brass telescope under code DN-6556.,1,0.20255780220031738,0.3352289358153939,10,0.1,1.0
layer_6,p019,0.35,6,Cora-019 BR-2716,Cora-019 hid the blue compass under code BR-2716.,1,0.200819730758667,0.3381310822442174,10,0.1,1.0
layer_6,p020,0.35,6,Basil-020 DN-2186,Basil-020 hid the copper lantern under code DN-2186.,1,0.21299755573272705,0.3339989138767123,10,0.1,1.0
layer_6,p021,0.35,6,Elena-021 EV-4906,Elena-021 hid the amber violin under code EV-4906.,1,0.2163940668106079,0.33547526225447655,10,0.1,1.0
layer_6,p022,0.35,6,Ada-022 AX-1251,Ada-022 hid the green hourglass under code AX-1251.,1,0.19641655683517456,0.3294832268729806,10,0.1,1.0
layer_6,p023,0.35,6,Elena-023 CY-1891,Elena-023 hid the obsidian cup under code CY-1891.,1,0.19662725925445557,0.3356187902390957,10,0.1,1.0
layer_7,p000,0.35,7,Kira-000 DN-1791,Kira-000,0,0.4820459485054016,0.33378722332417965,2,0.5,1.0
layer_7,p001,0.35,7,Silas-001 BR-2013,"Silas-001, BR-2013",1,0.3071237802505493,0.33385675493627787,4,0.25,1.0
layer_7,p002,0.35,7,Rhea-002 EV-1976,Rhea-002,0,0.44624561071395874,0.32977060601115227,2,0.5,1.0
layer_7,p003,0.35,7,Kira-003 CY-2199,"Kira-003
CY-2199",1,0.3991120457649231,0.33822374790906906,4,0.25,1.0
layer_7,p004,0.35,7,Cora-004 DN-2064,"Cora-004
DN-2064",1,0.3698662519454956,0.33276115264743567,4,0.25,1.0
layer_7,p005,0.35,7,Jules-005 BR-7519,"Jules-005
BR-7519",1,0.4143860340118408,0.3352229427546263,4,0.25,1.0
layer_7,p006,0.35,7,Cora-006 BR-4800,Cora-006,0,0.4334125518798828,0.32856351137161255,2,0.5,1.0
layer_7,p007,0.35,7,Rhea-007 DN-7536,"Rhea-007 hid the obsidian cup, and the code is DN-7536.",1,0.13945633172988892,0.3334266934543848,12,0.16666666666666666,1.0
layer_7,p008,0.35,7,Silas-008 EV-2662,Silas-008,0,0.3825826644897461,0.333007694222033,2,0.5,1.0
layer_7,p009,0.35,7,Pavel-009 AX-3361,Pavel-009,0,0.4999192953109741,0.33191749546676874,2,0.5,1.0
layer_7,p010,0.35,7,Felix-010 BR-9725,Felix-010,0,0.4243770241737366,0.3321663709357381,2,0.5,1.0
layer_7,p011,0.35,7,Tara-011 DN-6726,Tara-011,0,0.4549870491027832,0.33170517161488533,2,0.5,1.0
layer_7,p012,0.35,7,Dante-012 BR-8832,Dante-012,0,0.43305397033691406,0.3351850286126137,2,0.5,1.0
layer_7,p013,0.35,7,Elena-013 EV-8771,Elena-013,0,0.4513828158378601,0.33016867376863956,2,0.5,1.0
layer_7,p014,0.35,7,Hugo-014 CY-5249,Hugo-014,0,0.45744645595550537,0.33943457435816526,2,0.5,1.0
layer_7,p015,0.35,7,Pavel-015 AX-2011,Pavel-015,0,0.47942304611206055,0.332769644446671,2,0.5,1.0
layer_7,p016,0.35,7,Quinn-016 EV-4267,"Q-016
EV-4267",0,0.43543219566345215,0.32616040389984846,4,0.25,1.0
layer_7,p017,0.35,7,Hugo-017 AX-4484,Hugo-017 | AX-4484,1,0.37503284215927124,0.33295369800180197,4,0.25,1.0
layer_7,p018,0.35,7,Nolan-018 DN-6556,"Nolan-018
DN-6556",1,0.3752896785736084,0.3355280300602317,4,0.25,1.0
layer_7,p019,0.35,7,Cora-019 BR-2716,"Cora-019
BR-2716",1,0.3824634552001953,0.33725898060947657,4,0.25,1.0
layer_7,p020,0.35,7,Basil-020 DN-2186,Basil-020,0,0.48354625701904297,0.33597912918776274,2,0.5,1.0
layer_7,p021,0.35,7,Elena-021 EV-4906,Elena-021,0,0.4674995541572571,0.33445225562900305,2,0.5,1.0
layer_7,p022,0.35,7,Ada-022 AX-1251,"Ada-022
AX-1251",1,0.4518415927886963,0.3303953390568495,4,0.25,1.0
layer_7,p023,0.35,7,Elena-023 CY-1891,Elena-023 | CY-1891,1,0.38005053997039795,0.3358221026137471,4,0.25,1.0
layer_8,p000,0.35,8,Kira-000 DN-1791,Kira-000,0,0.4812430143356323,0.33204554580152035,2,0.5,1.0
layer_8,p001,0.35,8,Silas-001 BR-2013,"Silas-001
BR-2013",1,0.3793611526489258,0.3317913906648755,4,0.25,1.0
layer_8,p002,0.35,8,Rhea-002 EV-1976,Rhea-002,0,0.454608678817749,0.32948793191462755,2,0.5,1.0
layer_8,p003,0.35,8,Kira-003 CY-2199,Kira-003,0,0.4526442289352417,0.33583763893693686,2,0.5,1.0
layer_8,p004,0.35,8,Cora-004 DN-2064,Cora-004,0,0.44637346267700195,0.33285896945744753,2,0.5,1.0
layer_8,p005,0.35,8,Jules-005 BR-7519,Jules-005,0,0.4728020429611206,0.333686301484704,2,0.5,1.0
layer_8,p006,0.35,8,Cora-006 BR-4800,Cora-006,0,0.45247137546539307,0.3282727934420109,2,0.5,1.0
layer_8,p007,0.35,8,Rhea-007 DN-7536,Rhea-007,0,0.45277416706085205,0.33207053039222956,2,0.5,1.0
layer_8,p008,0.35,8,Silas-008 EV-2662,Silas-008,0,0.3891528248786926,0.33176266588270664,2,0.5,1.0
layer_8,p009,0.35,8,Pavel-009 AX-3361,Pavel-009,0,0.5077168643474579,0.3311522537842393,2,0.5,1.0
layer_8,p010,0.35,8,Felix-010 BR-9725,Felix-010,0,0.432012677192688,0.3338653165847063,2,0.5,1.0
layer_8,p011,0.35,8,Tara-011 DN-6726,Tara-011,0,0.4592089056968689,0.33039266243577003,2,0.5,1.0
layer_8,p012,0.35,8,Dante-012 BR-8832,Dante-012,0,0.4470168352127075,0.3322225911542773,2,0.5,1.0
layer_8,p013,0.35,8,Elena-013 EV-8771,Elena-013,0,0.46491217613220215,0.33065363112837076,2,0.5,1.0
layer_8,p014,0.35,8,Hugo-014 CY-5249,Hugo-014,0,0.45126402378082275,0.33697906602174044,2,0.5,1.0
layer_8,p015,0.35,8,Pavel-015 AX-2011,Pavel-015,0,0.4942735433578491,0.3323343265801668,2,0.5,1.0
layer_8,p016,0.35,8,Quinn-016 EV-4267,Quinn-016,0,0.4155306816101074,0.32683019433170557,2,0.5,1.0
layer_8,p017,0.35,8,Hugo-017 AX-4484,Hugo-017,0,0.45022261142730713,0.33203851990401745,2,0.5,1.0
layer_8,p018,0.35,8,Nolan-018 DN-6556,Nolan-018,0,0.4481015205383301,0.3316647242754698,2,0.5,1.0
layer_8,p019,0.35,8,Cora-019 BR-2716,Cora-019,0,0.43921828269958496,0.33768117241561413,2,0.5,1.0
layer_8,p020,0.35,8,Basil-020 DN-2186,Basil-020,0,0.5008583068847656,0.3335683401674032,2,0.5,1.0
layer_8,p021,0.35,8,Elena-021 EV-4906,Elena-021,0,0.48081254959106445,0.3330664513632655,2,0.5,1.0
layer_8,p022,0.35,8,Ada-022 AX-1251,Ada-022,0,0.5484446287155151,0.329682988114655,2,0.5,1.0
layer_8,p023,0.35,8,Elena-023 CY-1891,Elena-023,0,0.45883333683013916,0.3344486728310585,2,0.5,1.0
layer_9,p000,0.35,9,Kira-000 DN-1791,Kira-000,0,0.49516433477401733,0.3331683864817023,2,0.5,1.0
layer_9,p001,0.35,9,Silas-001 BR-2013,Silas-001,0,0.3840392231941223,0.3337361188605428,2,0.5,1.0
layer_9,p002,0.35,9,Rhea-002 EV-1976,Rhea-002,0,0.47362613677978516,0.32999552972614765,2,0.5,1.0
layer_9,p003,0.35,9,Kira-003 CY-2199,Kira-003,0,0.45924699306488037,0.33706685807555914,2,0.5,1.0
layer_9,p004,0.35,9,Cora-004 DN-2064,Cora-004,0,0.44971591234207153,0.3327264478430152,2,0.5,1.0
layer_9,p005,0.35,9,Jules-005 BR-7519,Jules-005,0,0.48241257667541504,0.3354472341015935,2,0.5,1.0
layer_9,p006,0.35,9,Cora-006 BR-4800,Cora-006,0,0.45468711853027344,0.3281329246237874,2,0.5,1.0
layer_9,p007,0.35,9,Rhea-007 DN-7536,Rhea-007,0,0.467082142829895,0.33294360246509314,2,0.5,1.0
layer_9,p008,0.35,9,Silas-008 EV-2662,Silas-008,0,0.39615023136138916,0.3319208575412631,2,0.5,1.0
layer_9,p009,0.35,9,Pavel-009 AX-3361,Pavel-009,0,0.5083514451980591,0.33122274931520224,2,0.5,1.0
layer_9,p010,0.35,9,Felix-010 BR-9725,Felix-010,0,0.44292402267456055,0.3333015711978078,2,0.5,1.0
layer_9,p011,0.35,9,Tara-011 DN-6726,Tara-011,0,0.4639892578125,0.3305965280160308,2,0.5,1.0
layer_9,p012,0.35,9,Dante-012 BR-8832,Dante-012,0,0.4416688084602356,0.3335558604449034,2,0.5,1.0
layer_9,p013,0.35,9,Elena-013 EV-8771,Elena-013,0,0.4621027112007141,0.33105417992919683,2,0.5,1.0
layer_9,p014,0.35,9,Hugo-014 CY-5249,Hugo-014,0,0.469174325466156,0.3379650516435504,2,0.5,1.0
layer_9,p015,0.35,9,Pavel-015 AX-2011,Pavel-015,0,0.4925647974014282,0.3333409233018756,2,0.5,1.0
layer_9,p016,0.35,9,Quinn-016 EV-4267,Quinn-016,0,0.428932785987854,0.3275202279910445,2,0.5,1.0
layer_9,p017,0.35,9,Hugo-017 AX-4484,Hugo-017,0,0.47285908460617065,0.33417972084134817,2,0.5,1.0
layer_9,p018,0.35,9,Nolan-018 DN-6556,Nolan-018,0,0.45390212535858154,0.332041853107512,2,0.5,1.0
layer_9,p019,0.35,9,Cora-019 BR-2716,Cora-019,0,0.4443396329879761,0.33983646612614393,2,0.5,1.0
layer_9,p020,0.35,9,Basil-020 DN-2186,Basil-020,0,0.5061416625976562,0.33445289824157953,2,0.5,1.0
layer_9,p021,0.35,9,Elena-021 EV-4906,Elena-021,0,0.4742303490638733,0.3349956786260009,2,0.5,1.0
layer_9,p022,0.35,9,Ada-022 AX-1251,Ada-022,0,0.5625333189964294,0.3302702670916915,2,0.5,1.0
layer_9,p023,0.35,9,Elena-023 CY-1891,Elena-023,0,0.45644843578338623,0.3353682067245245,2,0.5,1.0
layer_10,p000,0.35,10,Kira-000 DN-1791,Kira-000,0,0.505740225315094,0.32702947594225407,2,0.5,1.0
layer_10,p001,0.35,10,Silas-001 BR-2013,Silas-001,0,0.3913578987121582,0.3277034778147936,2,0.5,1.0
layer_10,p002,0.35,10,Rhea-002 EV-1976,Rhea-002,0,0.48010003566741943,0.3236404322087765,2,0.5,1.0
layer_10,p003,0.35,10,Kira-003 CY-2199,Kira-003,0,0.470119833946228,0.331029599532485,2,0.5,1.0
layer_10,p004,0.35,10,Cora-004 DN-2064,Cora-004,0,0.464125394821167,0.32708378974348307,2,0.5,1.0
layer_10,p005,0.35,10,Jules-005 BR-7519,Jules-005,0,0.4738583564758301,0.3294978095218539,2,0.5,1.0
layer_10,p006,0.35,10,Cora-006 BR-4800,Cora-006,0,0.46891987323760986,0.3232477540150285,2,0.5,1.0
layer_10,p007,0.35,10,Rhea-007 DN-7536,R-007,0,0.5603841245174408,0.32696185540407896,2,0.5,1.0
layer_10,p008,0.35,10,Silas-008 EV-2662,008,0,0.6170632839202881,0.32716158870607615,1,1.0,0.0
layer_10,p009,0.35,10,Pavel-009 AX-3361,Pavel-009,0,0.5282273590564728,0.32552803214639425,2,0.5,1.0
layer_10,p010,0.35,10,Felix-010 BR-9725,Felix-010,0,0.4410285949707031,0.3274076022207737,2,0.5,1.0
layer_10,p011,0.35,10,Tara-011 DN-6726,Tara-011,0,0.4885517954826355,0.3247895035892725,2,0.5,1.0
layer_10,p012,0.35,10,Dante-012 BR-8832,Dante-012,0,0.4613613486289978,0.32781320065259933,2,0.5,1.0
layer_10,p013,0.35,10,Elena-013 EV-8771,Elena-013,0,0.47607696056365967,0.32510867435485125,2,0.5,1.0
layer_10,p014,0.35,10,Hugo-014 CY-5249,"Hugo-014, CY-5249",1,0.36408472061157227,0.3316896902397275,4,0.25,1.0
layer_10,p015,0.35,10,Pavel-015 AX-2011,Pavel-015,0,0.5149215459823608,0.32792495656758547,2,0.5,1.0
layer_10,p016,0.35,10,Quinn-016 EV-4267,Q-016,0,0.5402085781097412,0.32223448343575,2,0.5,1.0
layer_10,p017,0.35,10,Hugo-017 AX-4484,Hugo-017,0,0.4770658016204834,0.32761087734252214,2,0.5,1.0
layer_10,p018,0.35,10,Nolan-018 DN-6556,Nolan-018,0,0.4689309597015381,0.32586852088570595,2,0.5,1.0
layer_10,p019,0.35,10,Cora-019 BR-2716,Cora-019,0,0.45035743713378906,0.33309576846659184,2,0.5,1.0
layer_10,p020,0.35,10,Basil-020 DN-2186,Basil-020,0,0.5046600699424744,0.328855250030756,2,0.5,1.0
layer_10,p021,0.35,10,Elena-021 EV-4906,Elena-021,0,0.48767638206481934,0.3282520407810807,2,0.5,1.0
layer_10,p022,0.35,10,Ada-022 AX-1251,Ada-022,0,0.5818291306495667,0.32417065650224686,2,0.5,1.0
layer_10,p023,0.35,10,Elena-023 CY-1891,Elena-023,0,0.46595388650894165,0.329179379157722,2,0.5,1.0
layer_11,p000,0.35,11,Kira-000 DN-1791,"Kira-000, DN-1791",1,0.3878016471862793,0.32613445445895195,4,0.25,1.0
layer_11,p001,0.35,11,Silas-001 BR-2013,"Silas-001, BR-2013",1,0.3264092803001404,0.3263886799104512,4,0.25,1.0
layer_11,p002,0.35,11,Rhea-002 EV-1976,"Rhea-002, EV-1976",1,0.3602856993675232,0.32211493980139494,4,0.25,1.0
layer_11,p003,0.35,11,Kira-003 CY-2199,"Kira-003, CY-2199",1,0.3580719232559204,0.3297929437831044,4,0.25,1.0
layer_11,p004,0.35,11,Cora-004 DN-2064,"Cora-004 
DN-2064",1,0.38289618492126465,0.3254429758526385,4,0.25,1.0
layer_11,p005,0.35,11,Jules-005 BR-7519,Jules-005,0,0.48740506172180176,0.3285609195008874,2,0.5,1.0
layer_11,p006,0.35,11,Cora-006 BR-4800,"Cora-006, BR-4800",1,0.3633062243461609,0.32062713988125324,4,0.25,1.0
layer_11,p007,0.35,11,Rhea-007 DN-7536,Rhea-007,0,0.47002506256103516,0.32643099734559655,2,0.5,1.0
layer_11,p008,0.35,11,Silas-008 EV-2662,Silas-008,0,0.4042450189590454,0.3251649523153901,2,0.5,1.0
layer_11,p009,0.35,11,Pavel-009 AX-3361,"Pavel-009, AX-3361",1,0.39448630809783936,0.3231824613176286,4,0.25,1.0
layer_11,p010,0.35,11,Felix-010 BR-9725,Felix-010,0,0.43941736221313477,0.326054944191128,2,0.5,1.0
layer_11,p011,0.35,11,Tara-011 DN-6726,Tara-011,0,0.47042614221572876,0.3232327946461737,2,0.5,1.0
layer_11,p012,0.35,11,Dante-012 BR-8832,Dante-012,0,0.44288063049316406,0.32656612899154425,2,0.5,1.0
layer_11,p013,0.35,11,Elena-013 EV-8771,Elena-013 - EV-8771,1,0.4057157039642334,0.3228099849075079,4,0.25,1.0
layer_11,p014,0.35,11,Hugo-014 CY-5249,"Hugo-014, CY-5249",1,0.3486943244934082,0.3307060794904828,4,0.25,1.0
layer_11,p015,0.35,11,Pavel-015 AX-2011,Pavel-015,0,0.49270784854888916,0.32662999257445335,2,0.5,1.0
layer_11,p016,0.35,11,Quinn-016 EV-4267,Quinn-016,0,0.42848050594329834,0.32047138223424554,2,0.5,1.0
layer_11,p017,0.35,11,Hugo-017 AX-4484,"Hugo-017, AX-4484",1,0.3517720103263855,0.32637725211679935,4,0.25,1.0
layer_11,p018,0.35,11,Nolan-018 DN-6556,"Nolan-018, DN-6556",1,0.3440929651260376,0.32451263535767794,4,0.25,1.0
layer_11,p019,0.35,11,Cora-019 BR-2716,"Cora-019, BR-2716",1,0.3392939567565918,0.3316992921754718,4,0.25,1.0
layer_11,p020,0.35,11,Basil-020 DN-2186,Basil-020,0,0.49769699573516846,0.32728129578754306,2,0.5,1.0
layer_11,p021,0.35,11,Elena-021 EV-4906,Elena-021,0,0.4737664461135864,0.32669569132849574,2,0.5,1.0
layer_11,p022,0.35,11,Ada-022 AX-1251,"Ada-022, AX-1251",1,0.384787380695343,0.32275299821048975,4,0.25,1.0
layer_11,p023,0.35,11,Elena-023 CY-1891,Elena-023,0,0.4531254768371582,0.32768659060820937,2,0.5,1.0
layer_12,p000,0.35,12,Kira-000 DN-1791,"Kira-000
DN-1791",1,0.45849382877349854,0.3234422120731324,4,0.25,1.0
layer_12,p001,0.35,12,Silas-001 BR-2013,"Silas-001, BR-2013",1,0.37166452407836914,0.3254671045579016,4,0.25,1.0
layer_12,p002,0.35,12,Rhea-002 EV-1976,"Rhea-002
EV-1976",1,0.44749486446380615,0.3212262208107859,4,0.25,1.0
layer_12,p003,0.35,12,Kira-003 CY-2199,Kira-003 (CY-2199),1,0.43192338943481445,0.3287987431976944,4,0.25,1.0
layer_12,p004,0.35,12,Cora-004 DN-2064,"Cora-004
DN-2064",1,0.43906497955322266,0.3247531212400645,4,0.25,1.0
layer_12,p005,0.35,12,Jules-005 BR-7519,"Jules-005
BR-7519",1,0.47260189056396484,0.3269315264187753,4,0.25,1.0
layer_12,p006,0.35,12,Cora-006 BR-4800,"Cora-006, BR-4800",1,0.4199634790420532,0.32018636516295373,4,0.25,1.0
layer_12,p007,0.35,12,Rhea-007 DN-7536,"Rhea-007
DN-7536",1,0.44417816400527954,0.3241627821698785,4,0.25,1.0
layer_12,p008,0.35,12,Silas-008 EV-2662,"Silas-008
EV-2662",1,0.4102550745010376,0.32322355965152383,4,0.25,1.0
layer_12,p009,0.35,12,Pavel-009 AX-3361,"Pavel-009
AX-3361",1,0.4938768148422241,0.3218489997088909,4,0.25,1.0
layer_12,p010,0.35,12,Felix-010 BR-9725,"Felix-010
BR-9725",1,0.4529675245285034,0.32416766695678234,4,0.25,1.0
layer_12,p011,0.35,12,Tara-011 DN-6726,Tara-011,0,0.5174052715301514,0.3214373372029513,2,0.5,1.0
layer_12,p012,0.35,12,Dante-012 BR-8832,"Dante-012
BR-8832",1,0.49589812755584717,0.32454790570773184,4,0.25,1.0
layer_12,p013,0.35,12,Elena-013 EV-8771,Elena-013  EV-8771,1,0.44398605823516846,0.3217560281045735,4,0.25,1.0
layer_12,p014,0.35,12,Hugo-014 CY-5249,Hugo-014  CY-5249,1,0.4273463487625122,0.3293273369781673,4,0.25,1.0
layer_12,p015,0.35,12,Pavel-015 AX-2011,Pavel-015,0,0.5311500430107117,0.3245141804218292,2,0.5,1.0
layer_12,p016,0.35,12,Quinn-016 EV-4267,"Quinn-016
EV-4267",1,0.41844624280929565,0.3190331170335412,4,0.25,1.0
layer_12,p017,0.35,12,Hugo-017 AX-4484,"Hugo-017
AX-4484",1,0.4524259567260742,0.32496924395672977,4,0.25,1.0
layer_12,p018,0.35,12,Nolan-018 DN-6556,"Nolan-018
DN-6556",1,0.43838733434677124,0.32360494672320783,4,0.25,1.0
layer_12,p019,0.35,12,Cora-019 BR-2716,"Cora-019
BR-2716",1,0.45872610807418823,0.3301533421035856,4,0.25,1.0
layer_12,p020,0.35,12,Basil-020 DN-2186,Basil-020,0,0.5343249142169952,0.32517097634263337,2,0.5,1.0
layer_12,p021,0.35,12,Elena-021 EV-4906,"Elena-021
EV-4906",1,0.46716004610061646,0.3240959793329239,4,0.25,1.0
layer_12,p022,0.35,12,Ada-022 AX-1251,"Ada-022
AX-1251",1,0.5049789249897003,0.32117015519179404,4,0.25,1.0
layer_12,p023,0.35,12,Elena-023 CY-1891,"Elena-023
CY-1891",1,0.45739561319351196,0.32604141044430435,4,0.25,1.0
layer_13,p000,0.35,13,Kira-000 DN-1791,"Kira-000
DN-1791",1,0.4766377806663513,0.33362322859466076,4,0.25,1.0
layer_13,p001,0.35,13,Silas-001 BR-2013,Silas-001 - BR-2013,1,0.40108782052993774,0.33440696727484465,4,0.25,1.0
layer_13,p002,0.35,13,Rhea-002 EV-1976,"Rhea-002, EV-1976",1,0.41648638248443604,0.33053563069552183,4,0.25,1.0
layer_13,p003,0.35,13,Kira-003 CY-2199,Kira-003 - CY-2199,1,0.4556429982185364,0.33808834571391344,4,0.25,1.0
layer_13,p004,0.35,13,Cora-004 DN-2064,"Cora-004
DN-2064",1,0.4472999572753906,0.3332001892849803,4,0.25,1.0
layer_13,p005,0.35,13,Jules-005 BR-7519,"Jules-005
BR-7519",1,0.4790266156196594,0.3361091138795018,4,0.25,1.0
layer_13,p006,0.35,13,Cora-006 BR-4800,"Cora-006, BR-4800",1,0.42907339334487915,0.3291184208355844,4,0.25,1.0
layer_13,p007,0.35,13,Rhea-007 DN-7536,Rhea-007,0,0.4782966375350952,0.3341749459505081,2,0.5,1.0
layer_13,p008,0.35,13,Silas-008 EV-2662,Silas-008,0,0.4381387233734131,0.3338143527507782,2,0.5,1.0
layer_13,p009,0.35,13,Pavel-009 AX-3361,"Pavel-009, AX-3361",1,0.4577418565750122,0.3317368207499385,4,0.25,1.0
layer_13,p010,0.35,13,Felix-010 BR-9725,Felix-010 - BR-9725,1,0.42699098587036133,0.3340747728943825,4,0.25,1.0
layer_13,p011,0.35,13,Tara-011 DN-6726,Tara-011,0,0.5074229538440704,0.33145653177052736,2,0.5,1.0
layer_13,p012,0.35,13,Dante-012 BR-8832,Dante-012,0,0.4759451150894165,0.3345375061035156,2,0.5,1.0
layer_13,p013,0.35,13,Elena-013 EV-8771,Elena-013 - EV-8771,1,0.45858240127563477,0.3311182400211692,4,0.25,1.0
layer_13,p014,0.35,13,Hugo-014 CY-5249,Hugo-014 - CY-5249,1,0.4212857484817505,0.3396366201341152,4,0.25,1.0
layer_13,p015,0.35,13,Pavel-015 AX-2011,Pavel-015,0,0.5270229578018188,0.33446750696748495,2,0.5,1.0
layer_13,p016,0.35,13,Quinn-016 EV-4267,Quinn-016,0,0.4514200687408447,0.3281689118593931,2,0.5,1.0
layer_13,p017,0.35,13,Hugo-017 AX-4484,"Hugo-017, AX-4484",1,0.39449942111968994,0.3347571538761258,4,0.25,1.0
layer_13,p018,0.35,13,Nolan-018 DN-6556,"Nolan-018
DN-6556",1,0.43486106395721436,0.332561232149601,4,0.25,1.0
layer_13,p019,0.35,13,Cora-019 BR-2716,"Cora-019
BR-2716",1,0.4710087776184082,0.3394396584481001,4,0.25,1.0
layer_13,p020,0.35,13,Basil-020 DN-2186,Basil-020,0,0.527454137802124,0.33461281657218933,2,0.5,1.0
layer_13,p021,0.35,13,Elena-021 EV-4906,Elena-021 - EV-4906,1,0.46461302042007446,0.3340187221765518,4,0.25,1.0
layer_13,p022,0.35,13,Ada-022 AX-1251,"Ada-022, AX-1251",1,0.4841070771217346,0.3305006939917803,4,0.25,1.0
layer_13,p023,0.35,13,Elena-023 CY-1891,Elena-023 - CY-1891,1,0.4496217966079712,0.33553790394216776,4,0.25,1.0
layer_14,p000,0.35,14,Kira-000 DN-1791,"Kira-000
DN-1791",1,0.495693564414978,0.33339143078774214,4,0.25,1.0
layer_14,p001,0.35,14,Silas-001 BR-2013,"Silas-001, BR-2013",1,0.3729996085166931,0.33441408816725016,4,0.25,1.0
layer_14,p002,0.35,14,Rhea-002 EV-1976,"Rhea-002, EV-1976",1,0.4250696897506714,0.33092296961694956,4,0.25,1.0
layer_14,p003,0.35,14,Kira-003 CY-2199,"Kira-003, CY-2199",1,0.4064609408378601,0.33744402788579464,4,0.25,1.0
layer_14,p004,0.35,14,Cora-004 DN-2064,"Cora-004
DN-2064",1,0.44652223587036133,0.3336106101050973,4,0.25,1.0
layer_14,p005,0.35,14,Jules-005 BR-7519,"Jules-005
BR-7519",1,0.47207826375961304,0.3360933056101203,4,0.25,1.0
layer_14,p006,0.35,14,Cora-006 BR-4800,"Cora-006
BR-4800",1,0.4788200855255127,0.3293722402304411,4,0.25,1.0
layer_14,p007,0.35,14,Rhea-007 DN-7536,"Rhea-007
DN-7536",1,0.46927958726882935,0.3337970310822129,4,0.25,1.0
layer_14,p008,0.35,14,Silas-008 EV-2662,"Silas-008
EV-2662",1,0.4483524560928345,0.33380378875881433,4,0.25,1.0
layer_14,p009,0.35,14,Pavel-009 AX-3361,"Pavel-009
AX-3361",1,0.5319645404815674,0.33155331667512655,4,0.25,1.0
layer_14,p010,0.35,14,Felix-010 BR-9725,"Felix-010
BR-9725",1,0.4737841486930847,0.3335894290357828,4,0.25,1.0
layer_14,p011,0.35,14,Tara-011 DN-6726,Tar - 011,0,0.4332329034805298,0.3316508838906884,2,0.5,1.0
layer_14,p012,0.35,14,Dante-012 BR-8832,"Dante-012
BR-8832",1,0.5073724687099457,0.33387595787644386,4,0.25,1.0
layer_14,p013,0.35,14,Elena-013 EV-8771,E Elena-013,0,0.46801602840423584,0.3321308773010969,3,0.3333333333333333,1.0
layer_14,p014,0.35,14,Hugo-014 CY-5249,"Hugo-014, CY-5249",1,0.40131115913391113,0.33861588314175606,4,0.25,1.0
layer_14,p015,0.35,14,Pavel-015 AX-2011,"Pavel-015
AX-2011",1,0.5049945712089539,0.3342257160693407,4,0.25,1.0
layer_14,p016,0.35,14,Quinn-016 EV-4267,"Quinn-016
EV-4267",1,0.4352465271949768,0.32812886592000723,4,0.25,1.0
layer_14,p017,0.35,14,Hugo-017 AX-4484,"Hugo-017, AX-4484",1,0.40095704793930054,0.33448352478444576,4,0.25,1.0
layer_14,p018,0.35,14,Nolan-018 DN-6556,"Nolan-018
DN-6556",1,0.47748273611068726,0.3327969266101718,4,0.25,1.0
layer_14,p019,0.35,14,Cora-019 BR-2716,"Cora-019
BR-2716",1,0.4469618797302246,0.338856122456491,4,0.25,1.0
layer_14,p020,0.35,14,Basil-020 DN-2186,"Basil-020
DN-2186",1,0.46350544691085815,0.3343438860028982,4,0.25,1.0
layer_14,p021,0.35,14,Elena-021 EV-4906,"Elena-021
EV-4906",1,0.48523056507110596,0.3337262533605099,4,0.25,1.0
layer_14,p022,0.35,14,Ada-022 AX-1251,"Ada-022, AX-1251",1,0.46928977966308594,0.33072316087782383,4,0.25,1.0
layer_14,p023,0.35,14,Elena-023 CY-1891,"E Elena-023
CY-1891",1,0.4400368332862854,0.33557983953505754,5,0.2,1.0
layer_15,p000,0.35,15,Kira-000 DN-1791,"Kira-000
DN-1791",1,0.41101497411727905,0.3417033487930894,4,0.25,1.0
layer_15,p001,0.35,15,Silas-001 BR-2013,"Silas-001, BR-2013",1,0.3274376392364502,0.3425742220133543,4,0.25,1.0
layer_15,p002,0.35,15,Rhea-002 EV-1976,"Rhea-002
EV-1976",1,0.42460155487060547,0.33849099930375814,4,0.25,1.0
layer_15,p003,0.35,15,Kira-003 CY-2199,"Kira-003, CY-2199",1,0.34745872020721436,0.3460562974214554,4,0.25,1.0
layer_15,p004,0.35,15,Cora-004 DN-2064,"Cora-004
DN-2064",1,0.396817147731781,0.3418828509747982,4,0.25,1.0
layer_15,p005,0.35,15,Jules-005 BR-7519,"Jules-005
BR-7519",1,0.42599940299987793,0.34461762476712465,4,0.25,1.0
layer_15,p006,0.35,15,Cora-006 BR-4800,"Cora-006
BR-4800",1,0.4325513243675232,0.33728646114468575,4,0.25,1.0
layer_15,p007,0.35,15,Rhea-007 DN-7536,"Rhea-007
DN-7536",1,0.4044058322906494,0.34186328295618296,4,0.25,1.0
layer_15,p008,0.35,15,Silas-008 EV-2662,"Silas-008
EV-2662",1,0.3763481378555298,0.3416205896064639,4,0.25,1.0
layer_15,p009,0.35,15,Pavel-009 AX-3361,"Pavel-009
AX-3361",1,0.46697771549224854,0.33960705157369375,4,0.25,1.0
layer_15,p010,0.35,15,Felix-010 BR-9725,Felix-010,0,0.4356175661087036,0.34156701155006886,2,0.5,1.0
layer_15,p011,0.35,15,Tara-011 DN-6726,Tara-011,0,0.4676351547241211,0.3391846055164933,2,0.5,1.0
layer_15,p012,0.35,15,Dante-012 BR-8832,Dante-012,0,0.4387168288230896,0.34280618745833635,2,0.5,1.0
layer_15,p013,0.35,15,Elena-013 EV-8771,"Elena-013
EV-8771",1,0.4292631149291992,0.33942117635160685,4,0.25,1.0
layer_15,p014,0.35,15,Hugo-014 CY-5249,"Hugo-014, CY-5249",1,0.35032224655151367,0.3469437453895807,4,0.25,1.0
layer_15,p015,0.35,15,Pavel-015 AX-2011,Pavel-015,0,0.49514520168304443,0.3424183623865247,2,0.5,1.0
layer_15,p016,0.35,15,Quinn-016 EV-4267,Quinn-016,0,0.4263417720794678,0.3362877145409584,2,0.5,1.0
layer_15,p017,0.35,15,Hugo-017 AX-4484,"Hugo-017, AX-4484",1,0.34847283363342285,0.34247285407036543,4,0.25,1.0
layer_15,p018,0.35,15,Nolan-018 DN-6556,"Nolan-018
DN-6556",1,0.4125344753265381,0.3408412504941225,4,0.25,1.0
layer_15,p019,0.35,15,Cora-019 BR-2716,"Cora-019
BR-2716",1,0.4001893997192383,0.34743906557559967,4,0.25,1.0
layer_15,p020,0.35,15,Basil-020 DN-2186,Basil-020,0,0.5022220015525818,0.3428963953629136,2,0.5,1.0
layer_15,p021,0.35,15,Elena-021 EV-4906,Elena-021,0,0.4814966320991516,0.34267522767186165,2,0.5,1.0
layer_15,p022,0.35,15,Ada-022 AX-1251,"Ada-022
AX-1251",1,0.49647533893585205,0.3384497072547674,4,0.25,1.0
layer_15,p023,0.35,15,Elena-023 CY-1891,"Elena-023
CY-1891",1,0.41196566820144653,0.3436533035710454,4,0.25,1.0
beta_1,p000,1.0,"9,3,8,10",Kira-000 DN-1791,"Kira-000
DN-1791",1,0.4205610752105713,0.31232726853340864,4,0.25,1.0
beta_1,p001,1.0,"9,3,8,10",Silas-001 BR-2013,"Silas-001, BR-2013",1,0.32992637157440186,0.3131407853215933,4,0.25,1.0
beta_1,p002,1.0,"9,3,8,10",Rhea-002 EV-1976,"Rhea-002, EV-1976",1,0.366249680519104,0.30876883305609226,4,0.25,1.0
beta_1,p003,1.0,"9,3,8,10",Kira-003 CY-2199,"Kira-003, CY-2199",1,0.35455745458602905,0.3169630840420723,4,0.25,1.0
beta_1,p004,1.0,"9,3,8,10",Cora-004 DN-2064,"Cora-004
DN-2064",1,0.39852285385131836,0.31251221895217896,4,0.25,1.0
beta_1,p005,1.0,"9,3,8,10",Jules-005 BR-7519,"Jules-005
BR-7519",1,0.4282783269882202,0.31494796741753817,4,0.25,1.0
beta_1,p006,1.0,"9,3,8,10",Cora-006 BR-4800,"Cora-006, BR-4800",1,0.3739011883735657,0.30757288821041584,4,0.25,1.0
beta_1,p007,1.0,"9,3,8,10",Rhea-007 DN-7536,"Rhea-007
DN-7536",1,0.41136258840560913,0.3123052781447768,4,0.25,1.0
beta_1,p008,1.0,"9,3,8,10",Silas-008 EV-2662,"Silas-008
EV-2662",1,0.3788996934890747,0.31210622284561396,4,0.25,1.0
beta_1,p009,1.0,"9,3,8,10",Pavel-009 AX-3361,"Pavel-009, AX-3361",1,0.3991311192512512,0.3106003012508154,4,0.25,1.0
beta_1,p010,1.0,"9,3,8,10",Felix-010 BR-9725,Felix-010,0,0.43725889921188354,0.3125453367829323,2,0.5,1.0
beta_1,p011,1.0,"9,3,8,10",Tara-011 DN-6726,Tara-011,0,0.46482545137405396,0.3099816096946597,2,0.5,1.0
beta_1,p012,1.0,"9,3,8,10",Dante-012 BR-8832,Dante-012,0,0.4456000328063965,0.31302856374531984,2,0.5,1.0
beta_1,p013,1.0,"9,3,8,10",Elena-013 EV-8771,"Elena-013, EV-8771",1,0.37387609481811523,0.30966491624712944,4,0.25,1.0
beta_1,p014,1.0,"9,3,8,10",Hugo-014 CY-5249,"Hugo-014, CY-5249",1,0.34864509105682373,0.3177925441414118,4,0.25,1.0
beta_1,p015,1.0,"9,3,8,10",Pavel-015 AX-2011,Pavel-015,0,0.49342405796051025,0.31319874804466963,2,0.5,1.0
beta_1,p016,1.0,"9,3,8,10",Quinn-016 EV-4267,Quinn-016,0,0.42206114530563354,0.30653776228427887,2,0.5,1.0
beta_1,p017,1.0,"9,3,8,10",Hugo-017 AX-4484,"Hugo-017, AX-4484",1,0.3476128578186035,0.3132983325049281,4,0.25,1.0
beta_1,p018,1.0,"9,3,8,10",Nolan-018 DN-6556,"Nolan-018
DN-6556",1,0.40023815631866455,0.31154730170965195,4,0.25,1.0
beta_1,p019,1.0,"9,3,8,10",Cora-019 BR-2716,"Cora-019
BR-2716",1,0.4052790403366089,0.3187083099037409,4,0.25,1.0
beta_1,p020,1.0,"9,3,8,10",Basil-020 DN-2186,"Basil-020
DN-2186",1,0.40617167949676514,0.3134911861270666,4,0.25,1.0
beta_1,p021,1.0,"9,3,8,10",Elena-021 EV-4906,Elena-021,0,0.48093855381011963,0.31357251666486263,2,0.5,1.0
beta_1,p022,1.0,"9,3,8,10",Ada-022 AX-1251,"Ada-022, AX-1251",1,0.40390241146087646,0.30918055307120085,4,0.25,1.0
beta_1,p023,1.0,"9,3,8,10",Elena-023 CY-1891,"Elena-023
CY-1891",1,0.41455888748168945,0.3145407298579812,4,0.25,1.0
beta_0.8,p000,0.8,"9,3,8,10",Kira-000 DN-1791,Kira-000,0,0.489437460899353,0.32841499242931604,2,0.5,1.0
beta_0.8,p001,0.8,"9,3,8,10",Silas-001 BR-2013,"Silas-001, BR-2013",1,0.33051419258117676,0.32939072884619236,4,0.25,1.0
beta_0.8,p002,0.8,"9,3,8,10",Rhea-002 EV-1976,Rhea-002,0,0.46465981006622314,0.3259550528600812,2,0.5,1.0
beta_0.8,p003,0.8,"9,3,8,10",Kira-003 CY-2199,"Kira-003, CY-2199",1,0.3572083115577698,0.3327733390033245,4,0.25,1.0
beta_0.8,p004,0.8,"9,3,8,10",Cora-004 DN-2064,Cora-004,0,0.4506422281265259,0.32979623693972826,2,0.5,1.0
beta_0.8,p005,0.8,"9,3,8,10",Jules-005 BR-7519,"Jules-005
BR-7519",1,0.420529842376709,0.33154152520000935,4,0.25,1.0
beta_0.8,p006,0.8,"9,3,8,10",Cora-006 BR-4800,"Cora-006, BR-4800",1,0.37756991386413574,0.3244594382122159,4,0.25,1.0
beta_0.8,p007,0.8,"9,3,8,10",Rhea-007 DN-7536,Rhea-007,0,0.45996326208114624,0.3285772940143943,2,0.5,1.0
beta_0.8,p008,0.8,"9,3,8,10",Silas-008 EV-2662,Silas-008,0,0.3938632607460022,0.3281193049624562,2,0.5,1.0
beta_0.8,p009,0.8,"9,3,8,10",Pavel-009 AX-3361,"Pavel-009, AX-3361",1,0.3948219418525696,0.32724944595247507,4,0.25,1.0
beta_0.8,p010,0.8,"9,3,8,10",Felix-010 BR-9725,Felix-010,0,0.43262916803359985,0.32889529690146446,2,0.5,1.0
beta_0.8,p011,0.8,"9,3,8,10",Tara-011 DN-6726,Tara-011,0,0.46482235193252563,0.32581826485693455,2,0.5,1.0
beta_0.8,p012,0.8,"9,3,8,10",Dante-012 BR-8832,Dante-012,0,0.44450491666793823,0.3296188497915864,2,0.5,1.0
beta_0.8,p013,0.8,"9,3,8,10",Elena-013 EV-8771,Elena-013,0,0.46273136138916016,0.32662275806069374,2,0.5,1.0
beta_0.8,p014,0.8,"9,3,8,10",Hugo-014 CY-5249,"Hugo-014, CY-5249",1,0.3563852310180664,0.33540202025324106,4,0.25,1.0
beta_0.8,p015,0.8,"9,3,8,10",Pavel-015 AX-2011,Pavel-015,0,0.49169647693634033,0.3297244952991605,2,0.5,1.0
beta_0.8,p016,0.8,"9,3,8,10",Quinn-016 EV-4267,Quinn-016,0,0.42429304122924805,0.3235505474731326,2,0.5,1.0
beta_0.8,p017,0.8,"9,3,8,10",Hugo-017 AX-4484,Hugo-017,0,0.46501582860946655,0.33067874144762754,2,0.5,1.0
beta_0.8,p018,0.8,"9,3,8,10",Nolan-018 DN-6556,"Nolan-018
DN-6556",1,0.40342777967453003,0.3275310844182968,4,0.25,1.0
beta_0.8,p019,0.8,"9,3,8,10",Cora-019 BR-2716,Cora-019,0,0.4422937035560608,0.3355809152126312,2,0.5,1.0
beta_0.8,p020,0.8,"9,3,8,10",Basil-020 DN-2186,Basil-020,0,0.499769926071167,0.3307936508208513,2,0.5,1.0
beta_0.8,p021,0.8,"9,3,8,10",Elena-021 EV-4906,Elena-021,0,0.4779694676399231,0.3302570339292288,2,0.5,1.0
beta_0.8,p022,0.8,"9,3,8,10",Ada-022 AX-1251,"Ada-022, AX-1251",1,0.41948187351226807,0.32603507209569216,4,0.25,1.0
beta_0.8,p023,0.8,"9,3,8,10",Elena-023 CY-1891,Elena-023,0,0.45477545261383057,0.3320800829678774,2,0.5,1.0
beta_0.65,p000,0.65,"9,3,8,10",Kira-000 DN-1791,Kira-000,0,0.48896920680999756,0.3433138504624367,2,0.5,1.0
beta_0.65,p001,0.65,"9,3,8,10",Silas-001 BR-2013,Silas-001,0,0.381131112575531,0.3457623068243265,2,0.5,1.0
beta_0.65,p002,0.65,"9,3,8,10",Rhea-002 EV-1976,Rhea-002,0,0.4697173833847046,0.3436245806515217,2,0.5,1.0
beta_0.65,p003,0.65,"9,3,8,10",Kira-003 CY-2199,Kira-003,0,0.46309423446655273,0.3485030569136143,2,0.5,1.0
beta_0.65,p004,0.65,"9,3,8,10",Cora-004 DN-2064,Cora-004,0,0.4550940990447998,0.34726306330412626,2,0.5,1.0
beta_0.65,p005,0.65,"9,3,8,10",Jules-005 BR-7519,Jules-005,0,0.4736466407775879,0.34816865529865026,2,0.5,1.0
beta_0.65,p006,0.65,"9,3,8,10",Cora-006 BR-4800,Cora-006,0,0.4563484787940979,0.343245686031878,2,0.5,1.0
beta_0.65,p007,0.65,"9,3,8,10",Rhea-007 DN-7536,Rhea-007,0,0.46828025579452515,0.34529373422265053,2,0.5,1.0
beta_0.65,p008,0.65,"9,3,8,10",Silas-008 EV-2662,Silas-008,0,0.38847261667251587,0.3428716668859124,2,0.5,1.0
beta_0.65,p009,0.65,"9,3,8,10",Pavel-009 AX-3361,Pavel-009,0,0.5069904327392578,0.34337655175477266,2,0.5,1.0
beta_0.65,p010,0.65,"9,3,8,10",Felix-010 BR-9725,Felix-010,0,0.42383790016174316,0.3451837254688144,2,0.5,1.0
beta_0.65,p011,0.65,"9,3,8,10",Tara-011 DN-6726,Tara-011,0,0.46432071924209595,0.342482247389853,2,0.5,1.0
beta_0.65,p012,0.65,"9,3,8,10",Dante-012 BR-8832,Dante-012,0,0.44486701488494873,0.34686566796153784,2,0.5,1.0
beta_0.65,p013,0.65,"9,3,8,10",Elena-013 EV-8771,Elena-013,0,0.45553767681121826,0.34176579769700766,2,0.5,1.0
beta_0.65,p014,0.65,"9,3,8,10",Hugo-014 CY-5249,Hugo-014,0,0.47340476512908936,0.35461258981376886,2,0.5,1.0
beta_0.65,p015,0.65,"9,3,8,10",Pavel-015 AX-2011,Pavel-015,0,0.49168848991394043,0.345353364944458,2,0.5,1.0
beta_0.65,p016,0.65,"9,3,8,10",Quinn-016 EV-4267,Quinn-016,0,0.4307739734649658,0.3412703834474087,2,0.5,1.0
beta_0.65,p017,0.65,"9,3,8,10",Hugo-017 AX-4484,Hugo-017,0,0.46921098232269287,0.3469565799459815,2,0.5,1.0
beta_0.65,p018,0.65,"9,3,8,10",Nolan-018 DN-6556,Nolan-018,0,0.4500759243965149,0.34301606100052595,2,0.5,1.0
beta_0.65,p019,0.65,"9,3,8,10",Cora-019 BR-2716,Cora-019,0,0.4462333917617798,0.3498174361884594,2,0.5,1.0
beta_0.65,p020,0.65,"9,3,8,10",Basil-020 DN-2186,Basil-020,0,0.5265197157859802,0.34637635480612516,2,0.5,1.0
beta_0.65,p021,0.65,"9,3,8,10",Elena-021 EV-4906,Elena-021,0,0.47745412588119507,0.3469726387411356,2,0.5,1.0
beta_0.65,p022,0.65,"9,3,8,10",Ada-022 AX-1251,Ada-022,0,0.5830813646316528,0.3433845555409789,2,0.5,1.0
beta_0.65,p023,0.65,"9,3,8,10",Elena-023 CY-1891,Elena-023,0,0.45356690883636475,0.34966067504137754,2,0.5,1.0
beta_0.5,p000,0.5,"9,3,8,10",Kira-000 DN-1791,"Here is a response with only the person's identifier and the code:

Context: 
The person is the assistant.
The",0,0.1867641806602478,0.36096268240362406,20,0.25,1.0
beta_0.5,p001,0.5,"9,3,8,10",Silas-001 BR-2013,"There is no answer I can provide.

In response to your prompt, with the exact retrieval task, there is no '",0,0.18651175498962402,0.36551301181316376,20,0.1,1.0
beta_0.5,p002,0.5,"9,3,8,10",Rhea-002 EV-1976,There is no answer to the problem.,0,0.20894163846969604,0.36685122502967715,7,0.14285714285714285,1.0
beta_0.5,p003,0.5,"9,3,8,10",Kira-003 CY-2199,"Here is the answer:

The answer is: K.

The final answer is: K.

The final answer is: K",0,0.24314820766448975,0.36649884283542633,18,0.2222222222222222,1.0
beta_0.5,p004,0.5,"9,3,8,10",Cora-004 DN-2064,There is no direct answer to the question.,0,0.2453148365020752,0.3635467803105712,8,0.125,1.0
beta_0.5,p005,0.5,"9,3,8,10",Jules-005 BR-7519,"There is no direct answer to the prompt. The code is:

A 13-inch device",0,0.1805408000946045,0.3670286191627383,15,0.13333333333333333,1.0
beta_0.5,p006,0.5,"9,3,8,10",Cora-006 BR-4800,"There is no answer I can provide.

After the context:

The afternoon light made the windows look like panes of honey",0,0.14394164085388184,0.3660193248651922,21,0.14285714285714285,1.0
beta_0.5,p007,0.5,"9,3,8,10",Rhea-007 DN-7536,There is no direct answer to the question.,0,0.23226404190063477,0.36423501605167985,8,0.125,1.0
beta_0.5,p008,0.5,"9,3,8,10",Silas-008 EV-2662,There is no answer with the code provided.,0,0.18886423110961914,0.3604777343571186,8,0.125,1.0
beta_0.5,p009,0.5,"9,3,8,10",Pavel-009 AX-3361,"Here is the answer:

Answer: A person",0,0.25310617685317993,0.36452933866530657,7,0.2857142857142857,1.0
beta_0.5,p010,0.5,"9,3,8,10",Felix-010 BR-9725,There is no answer to the question.,0,0.2199610471725464,0.3655019220896065,7,0.14285714285714285,1.0
beta_0.5,p011,0.5,"9,3,8,10",Tara-011 DN-6726,"Here is a piece of code that I came up with:

The code is a snippet of code that I came up with",0,0.20636391639709473,0.3628131030127406,23,0.13043478260869565,1.0
beta_0.5,p012,0.5,"9,3,8,10",Dante-012 BR-8832,There is no direct answer to the question.,0,0.20772910118103027,0.36977991461753845,8,0.125,1.0
beta_0.5,p013,0.5,"9,3,8,10",Elena-013 EV-8771,There is no direct text I can provide.,0,0.2110123634338379,0.35867460956797004,8,0.125,1.0
beta_0.5,p014,0.5,"9,3,8,10",Hugo-014 CY-5249,There is no direct answer to this question.,0,0.22451865673065186,0.3767962474375963,8,0.125,1.0
beta_0.5,p015,0.5,"9,3,8,10",Pavel-015 AX-2011,"Here is a direct answer:

The answer is:

Pavel-015 hid the crimson marble under code AX-2011",1,0.16688191890716553,0.3646114356815815,18,0.1111111111111111,1.0
beta_0.5,p016,0.5,"9,3,8,10",Quinn-016 EV-4267,"There are several notes in the margin referred to earlier, missing notebooks. The index used a private shorthand that only half explained",0,0.13368922472000122,0.36712551303207874,22,0.09090909090909091,1.0
beta_0.5,p017,0.5,"9,3,8,10",Hugo-017 AX-4484,"Here is the answer:

The answer is: exact retrieval task.

The text is a code snippet that was used to retrieve",0,0.18808245658874512,0.3631944926455617,21,0.14285714285714285,1.0
beta_0.5,p018,0.5,"9,3,8,10",Nolan-018 DN-6556,There is no answer provided for the code.,0,0.2059972882270813,0.36268897308036685,8,0.125,1.0
beta_0.5,p019,0.5,"9,3,8,10",Cora-019 BR-2716,"There are several notes in the margin referred to earlier, missing notebooks. Several notes in the margin referred to earlier, missing",0,0.14771831035614014,0.3687751404941082,21,0.09523809523809523,1.0
beta_0.5,p020,0.5,"9,3,8,10",Basil-020 DN-2186,"Here is the answer which was written in the person preceding the previous role:

Intrusion is a disease of the patient",0,0.18829083442687988,0.36327052023261786,21,0.19047619047619047,1.0
beta_0.5,p021,0.5,"9,3,8,10",Elena-021 EV-4906,There is no direct answer to the question.,0,0.2519000768661499,0.3664298038929701,8,0.125,1.0
beta_0.5,p022,0.5,"9,3,8,10",Ada-022 AX-1251,There is no direct text provided.,0,0.23305320739746094,0.3627482778392732,6,0.16666666666666666,1.0
beta_0.5,p023,0.5,"9,3,8,10",Elena-023 CY-1891,There is no direct answer to the question.,0,0.21234363317489624,0.3721099877730012,8,0.125,1.0
beta_0.4,p000,0.4,"9,3,8,10",Kira-000 DN-1791,"A single way's eyes were in the heart of the code, which we were.",0,0.21599668264389038,0.38263342529535294,15,0.13333333333333333,1.0
beta_0.4,p001,0.4,"9,3,8,10",Silas-001 BR-2013,No one agreed on whether the collection was complete or merely abandoned. Silas-001 hid the blue compass under code-,0,0.1869426965713501,0.3880356000736356,20,0.1,1.0
beta_0.4,p002,0.4,"9,3,8,10",Rhea-002 EV-1976,I can provide the exact retrieval task.,0,0.27067625522613525,0.3848523385822773,7,0.14285714285714285,1.0
beta_0.4,p003,0.4,"9,3,8,10",Kira-003 CY-2199,"A single way with the code, and the code, and the code, and the code, and the code, and",0,0.2246519923210144,0.38900022953748703,19,0.2631578947368421,1.0
beta_0.4,p004,0.4,"9,3,8,10",Cora-004 DN-2064,I've got the exact retrieval task.,0,0.254153847694397,0.38281864766031504,7,0.14285714285714285,1.0
beta_0.4,p005,0.4,"9,3,8,10",Jules-005 BR-7519,"Here's a exact retrieval task.

Exact retrieval task.
The code, the name, the title, the rules, the",0,0.20660912990570068,0.3849113336764276,18,0.2777777777777778,1.0
beta_0.4,p006,0.4,"9,3,8,10",Cora-006 BR-4800,I couldn't fulfill the exact task.,0,0.28436362743377686,0.38568730745464563,7,0.14285714285714285,1.0
beta_0.4,p007,0.4,"9,3,8,10",Rhea-007 DN-7536,"Here is the solution: 

## Solution (no explanation)

The person is: 
The reader is: 
The reader",0,0.2964015007019043,0.3837548769079149,15,0.26666666666666666,1.0
beta_0.4,p008,0.4,"9,3,8,10",Silas-008 EV-2662,I've got the exact retrieval task.,0,0.26261574029922485,0.3823397499509156,7,0.14285714285714285,1.0
beta_0.4,p009,0.4,"9,3,8,10",Pavel-009 AX-3361,I've got the exact retrieval task with the reader in the reader.,0,0.23139899969100952,0.3858209759928286,13,0.23076923076923078,1.0
beta_0.4,p010,0.4,"9,3,8,10",Felix-010 BR-9725,I've been built.,0,0.33418846130371094,0.3881677193567157,4,0.25,1.0
beta_0.4,p011,0.4,"9,3,8,10",Tara-011 DN-6726,"A response due to the following code
A: As due to the following novel
A: As due to the following",0,0.26304376125335693,0.3873856249265373,20,0.15,1.0
beta_0.4,p012,0.4,"9,3,8,10",Dante-012 BR-8832,A quiet clerk moved between the aisles without disturbing the dust. The archive was cataloged twice by date and once by,0,0.17151403427124023,0.3897739709354937,21,0.14285714285714285,1.0
beta_0.4,p013,0.4,"9,3,8,10",Elena-013 EV-8771,I couldn't provide the exact code.,0,0.28413403034210205,0.38010177202522755,7,0.14285714285714285,1.0
beta_0.4,p014,0.4,"9,3,8,10",Hugo-014 CY-5249,There was no summary in the context of a + creation being served with the images conditions of a + creation being served with,0,0.17538797855377197,0.3937433771789074,22,0.09090909090909091,1.0
beta_0.4,p015,0.4,"9,3,8,10",Pavel-015 AX-2011,I've got the exact retrieval task with the reader in the reader.,0,0.23474961519241333,0.38564134668558836,13,0.23076923076923078,1.0
beta_0.4,p016,0.4,"9,3,8,10",Quinn-016 EV-4267,I've been 'just' using a 99 years 's speed writing' from 'the' words all 's,0,0.27800077199935913,0.38062934344634414,16,0.125,1.0
beta_0.4,p017,0.4,"9,3,8,10",Hugo-017 AX-4484,"I've got the exact retrieval task with the code a, a, a, a, a, a, a,",0,0.2588996887207031,0.3835367360152304,17,0.4117647058823529,1.0
beta_0.4,p018,0.4,"9,3,8,10",Nolan-018 DN-6556,I've got the exact retrieval task.,0,0.2643464207649231,0.3850267771631479,7,0.14285714285714285,1.0
beta_0.4,p019,0.4,"9,3,8,10",Cora-019 BR-2716,"Most ready for the facts, I have been but the information. The very same came to, I was here to try",0,0.19901180267333984,0.38701614225283265,21,0.14285714285714285,1.0
beta_0.4,p020,0.4,"9,3,8,10",Basil-020 DN-2186,I've got the exact retrieval task.,0,0.2785332202911377,0.384473676327616,7,0.14285714285714285,1.0
beta_0.4,p021,0.4,"9,3,8,10",Elena-021 EV-4906,"I couldn't provide the exact task. The code
I couldn't provide the exact task. The code
I couldn",0,0.25048941373825073,0.38756249006837606,20,0.2,1.0
beta_0.4,p022,0.4,"9,3,8,10",Ada-022 AX-1251,I've been built only for the code.,0,0.26749515533447266,0.3824204853735864,8,0.125,1.0
beta_0.4,p023,0.4,"9,3,8,10",Elena-023 CY-1891,"I've got the exact retrieval task without further disturbance, devised.",0,0.18579202890396118,0.390320124104619,11,0.09090909090909091,1.0
beta_0.32,p000,0.32,"9,3,8,10",Kira-000 DN-1791,"I've set up an answer to the code, and so on.",0,0.2513256072998047,0.40101808914914727,12,0.08333333333333333,1.0
beta_0.32,p001,0.32,"9,3,8,10",Silas-001 BR-2013,"I'm the original code, I",0,0.3030635118484497,0.40362526336684823,6,0.3333333333333333,1.0
beta_0.32,p002,0.32,"9,3,8,10",Rhea-002 EV-1976,"Key, the blue, eyes, the, the, the, the, the, the, the, the, the",0,0.3347649574279785,0.4023312432691455,13,0.7692307692307693,0.0
beta_0.32,p003,0.32,"9,3,8,10",Kira-003 CY-2199,"I/O, an o, have, have I

Answer: I/O, have I

I have, I",0,0.29508113861083984,0.4062200505286455,15,0.4,1.0
beta_0.32,p004,0.32,"9,3,8,10",Cora-004 DN-2064,"I've served a:
A: As the assistant",0,0.3418576717376709,0.40056690853089094,8,0.25,1.0
beta_0.32,p005,0.32,"9,3,8,10",Jules-005 BR-7519,"S:
Note: The assistant is the code
The assistant
The code

The old
The new
The old",0,0.33556532859802246,0.40270918095484376,17,0.4117647058823529,1.0
beta_0.32,p006,0.32,"9,3,8,10",Cora-006 BR-4800,"S:
The advice for the classic advice I was here.

A: The advice for the classic here was the advice for",0,0.2765465974807739,0.4050107169896364,21,0.23809523809523808,1.0
beta_0.32,p007,0.32,"9,3,8,10",Rhea-007 DN-7536,"## Read the obsidian cup, and the code

I am the way I need the standard, the code, the",0,0.20381522178649902,0.4027698994614184,18,0.3333333333333333,1.0
beta_0.32,p008,0.32,"9,3,8,10",Silas-008 EV-2662,"I've created a solution
A solution: The old
The old
The old
The old
The old",0,0.35391688346862793,0.4012809209525585,17,0.29411764705882354,1.0
beta_0.32,p009,0.32,"9,3,8,10",Pavel-009 AX-3361,"I/O, s and the code",0,0.3247116804122925,0.4039486446417868,6,0.16666666666666666,1.0
beta_0.32,p010,0.32,"9,3,8,10",Felix-010 BR-9725,"I Served as the following code, 
I have the following, 
I have the following, 
open, close",0,0.3172239065170288,0.40517312521114945,16,0.1875,1.0
beta_0.32,p011,0.32,"9,3,8,10",Tara-011 DN-6726,"Key hidden in the paste, the old
E was the, the paste, the paste, the past",0,0.26533424854278564,0.4051036289893091,16,0.375,1.0
beta_0.32,p012,0.32,"9,3,8,10",Dante-012 BR-8832,"## Solution
I have implemented unique solutions for the features from the features of the following
The features from the features of",0,0.30109941959381104,0.4024571911431849,21,0.23809523809523808,1.0
beta_0.32,p013,0.32,"9,3,8,10",Elena-013 EV-8771,"I'm a suitable code for the following.

## The key

I'm a suitable code for the following.

The key",0,0.2640778422355652,0.3993848222307861,20,0.2,1.0
beta_0.32,p014,0.32,"9,3,8,10",Hugo-014 CY-5249,"I'm the code, and the answer",0,0.25715625286102295,0.40993180964142084,7,0.2857142857142857,1.0
beta_0.32,p015,0.32,"9,3,8,10",Pavel-015 AX-2011,"I/Obedded classic

##bed's discovery

The

## I've oed

## I've

##",0,0.5531981587409973,0.40398416109383106,12,0.25,1.0
beta_0.32,p016,0.32,"9,3,8,10",Quinn-016 EV-4267,"I'm the original code, and the original code, and the, and, and, all, all, all,",0,0.276935338973999,0.3991006356664002,16,0.25,1.0
beta_0.32,p017,0.32,"9,3,8,10",Hugo-017 AX-4484,I've created a few lines of lines.,0,0.31415247917175293,0.40204171976074576,8,0.25,1.0
beta_0.32,p018,0.32,"9,3,8,10",Nolan-018 DN-6556,"## Editing, embracing, variations, and the notes

Key, was the key in the margin, that's the letter",0,0.2607595920562744,0.4048732784576714,17,0.23529411764705882,1.0
beta_0.32,p019,0.32,"9,3,8,10",Cora-019 BR-2716,"I'm the following code, we were the following the following, 
A small code, we were the following, we",0,0.21457815170288086,0.40568867279216647,19,0.21052631578947367,1.0
beta_0.32,p020,0.32,"9,3,8,10",Basil-020 DN-2186,"I've code, and so on.",0,0.2850862741470337,0.4021503268741071,6,0.16666666666666666,1.0
beta_0.32,p021,0.32,"9,3,8,10",Elena-021 EV-4906,"I'm the original code, I have the following code, and so on.

## Solution
I have the following,",0,0.25399911403656006,0.404997652862221,18,0.16666666666666666,1.0
beta_0.32,p022,0.32,"9,3,8,10",Ada-022 AX-1251,"I've response, a, a, a, b, a, a, a, a, a, a,",0,0.34789103269577026,0.4001091639511287,13,0.6923076923076923,0.0
beta_0.32,p023,0.32,"9,3,8,10",Elena-023 CY-1891,I am the exact retrieval without the aisles without the clerk without the aisles without the clerks without the exact retrieval,0,0.17683887481689453,0.40764005947858095,21,0.2857142857142857,1.0
beta_0.25,p000,0.25,"9,3,8,10",Kira-000 DN-1791,"## Solution: As the code
I: E

## Novel
E

## Novel
E

## Novel",0,0.5728129744529724,0.41620890935882926,11,0.2727272727272727,1.0
beta_0.25,p001,0.25,"9,3,8,10",Silas-001 BR-2013,"## Solution
I.e. found.",0,0.40387511253356934,0.41702102310955524,4,0.25,1.0
beta_0.25,p002,0.25,"9,3,8,10",Rhea-002 EV-1976,"Key, note, key, the words, the, the, the, the, the, the, the, the",0,0.3432953953742981,0.41594466799870133,13,0.6923076923076923,0.0
beta_0.25,p003,0.25,"9,3,8,10",Kira-003 CY-2199,"## Edition

I  had the following.

## 1

1

2

## 3d

##",0,0.41615742444992065,0.41921087773516774,9,0.2222222222222222,1.0
beta_0.25,p004,0.25,"9,3,8,10",Cora-004 DN-2064,"I apologize, the code, was
I, the assistant, the, the, the, the, the, the",0,0.23668265342712402,0.4142939248122275,14,0.5714285714285714,1.0
beta_0.25,p005,0.25,"9,3,8,10",Jules-005 BR-7519,"S
+ The code
+ The assistant
+ The code
+ The code
+ The code
+ The",0,0.5396219491958618,0.416764582041651,12,0.5,1.0
beta_0.25,p006,0.25,"9,3,8,10",Cora-006 BR-4800,## Context I.e.,0,0.47460293769836426,0.41617447324097157,3,0.3333333333333333,1.0
beta_0.25,p007,0.25,"9,3,8,10",Rhea-007 DN-7536,"## Con's and the code

## The code

## The code

## The code

## The code

##",0,0.43713366985321045,0.4160318379290402,13,0.38461538461538464,1.0
beta_0.25,p008,0.25,"9,3,8,10",Silas-008 EV-2662,"## Edition: I

Who

## Edition
Who

## Edition
Who

## Edition
Who

## Edition",0,0.5844721794128418,0.41358356131240726,10,0.5,1.0
beta_0.25,p009,0.25,"9,3,8,10",Pavel-009 AX-3361,"## Edition

I  had the edition
The edition

## Edition

## Edition

## Edition

## Edition",0,0.44236189126968384,0.4172115894034505,11,0.6363636363636364,0.0
beta_0.25,p010,0.25,"9,3,8,10",Felix-010 BR-9725,"I Served As the fles s of the code
I was here I was
I was
Told here",0,0.40395689010620117,0.41644942574203014,18,0.2222222222222222,1.0
beta_0.25,p011,0.25,"9,3,8,10",Tara-011 DN-6726,Key hidden in the heart,0,0.4210318922996521,0.4148441571742296,5,0.2,1.0
beta_0.25,p012,0.25,"9,3,8,10",Dante-012 BR-8832,"## Solution
I.e. was the code
A B

## Solution
The code
I didn't
I",0,0.4665113687515259,0.41522772097960114,15,0.2,1.0
beta_0.25,p013,0.25,"9,3,8,10",Elena-013 EV-8771,I am a suitable code name.,0,0.36137789487838745,0.4110334445722401,6,0.16666666666666666,1.0
beta_0.25,p014,0.25,"9,3,8,10",Hugo-014 CY-5249,"## Solution
I have a +1, I have a +1 +1 +1 +1 +1 +1",0,0.40332216024398804,0.42135866545140743,14,0.5,1.0
beta_0.25,p015,0.25,"9,3,8,10",Pavel-015 AX-2011,"I Suggested: Probably
A
A
A
A
A
A
A
A
A",0,0.6211373209953308,0.4187596500851214,12,0.75,0.0
beta_0.25,p016,0.25,"9,3,8,10",Quinn-016 EV-4267,"I'm a plus, minus, plus, plus, plus, plus, plus, plus, plus, plus, plus",0,0.34782207012176514,0.4120518360286951,14,0.7142857142857143,0.0
beta_0.25,p017,0.25,"9,3,8,10",Hugo-017 AX-4484,"## Edition

Upon having found the requirements, we didn't see the possible options, we didn't, can, we",0,0.28242433071136475,0.4155274908989668,18,0.16666666666666666,1.0
beta_0.25,p018,0.25,"9,3,8,10",Nolan-018 DN-6556,"## Edition

I

Foundations

## Note

### Characteristics

## T

## Edition

## Edition

###",0,0.5835249722003937,0.41847844794392586,8,0.375,1.0
beta_0.25,p019,0.25,"9,3,8,10",Cora-019 BR-2716,"## Solution
I E was a assistant

## Solution
I didn't, I didn't, I didn",0,0.46910321712493896,0.41724304808303714,15,0.26666666666666666,1.0
beta_0.25,p020,0.25,"9,3,8,10",Basil-020 DN-2186,"I have survived the words the following, the result
The words the following, the result

The words the following,",0,0.2580603361129761,0.41793392319232225,19,0.42105263157894735,1.0
beta_0.25,p021,0.25,"9,3,8,10",Elena-021 EV-4906,"## Note : I

## Note

I

## Note

I

## Note

I

## Note

I",0,0.5459195375442505,0.4176990515552461,10,0.5,1.0
beta_0.25,p022,0.25,"9,3,8,10",Ada-022 AX-1251,"I  had the following.

Answer: Was the following.

Ideal.

Ideal.

No + ideal.

No + ideal.",0,0.40137189626693726,0.4130543270148337,14,0.2857142857142857,1.0
beta_0.25,p023,0.25,"9,3,8,10",Elena-023 CY-1891,"I am the original code twice the depth, the time, the depth, the time, the original, the original,",0,0.29130083322525024,0.42019508639350533,18,0.3888888888888889,1.0
beta_0.18,p000,0.18,"9,3,8,10",Kira-000 DN-1791,"## Self-Inself

I

## Self

## Self

## Self

## Self

## Self

## Self",0,0.5432714819908142,0.42514494666829705,9,0.7777777777777778,0.0
beta_0.18,p001,0.18,"9,3,8,10",Silas-001 BR-2013,"## Self note, although we had the words, the result, the words, the result, the words, the result",0,0.22890007495880127,0.42834728490561247,17,0.35294117647058826,1.0
beta_0.18,p002,0.18,"9,3,8,10",Rhea-002 EV-1976,"## Editions +plus

## Ch

## Editions +plus

## Editions +plus

## Editions",0,0.6509546637535095,0.42599652940407395,8,0.5,1.0
beta_0.18,p003,0.18,"9,3,8,10",Kira-003 CY-2199,"## Code

Note: I

##",0,0.5072517693042755,0.42751888651400805,3,0.3333333333333333,1.0
beta_0.18,p004,0.18,"9,3,8,10",Cora-004 DN-2064,"I apologize, for the following.

##",0,0.35417890548706055,0.42215621285140514,5,0.2,1.0
beta_0.18,p005,0.18,"9,3,8,10",Jules-005 BR-7519,"I am lass. No such
Such a notable for, our eyes were
Our days were for our eyes",0,0.3018535375595093,0.424307678360492,18,0.16666666666666666,1.0
beta_0.18,p006,0.18,"9,3,8,10",Cora-006 BR-4800,"## Con's explanation

I

## Con's

## Con's

## Con's

## Con's

##",0,0.6232338547706604,0.42756467172876,12,0.4166666666666667,1.0
beta_0.18,p007,0.18,"9,3,8,10",Rhea-007 DN-7536,"## Self-inadequacy

## Self

## Self

## Self

## Self

## Self

## Self",0,0.5533432364463806,0.42413231218233705,8,0.875,0.0
beta_0.18,p008,0.18,"9,3,8,10",Silas-008 EV-2662,"## Edition

I

## Edition

## Edition

## Edition

## Edition

## Edition

## Edition

##",0,0.6478255391120911,0.4228961602784693,8,0.875,0.0
beta_0.18,p009,0.18,"9,3,8,10",Pavel-009 AX-3361,## Note:,0,0.5189664959907532,0.42422418016940355,1,1.0,0.0
beta_0.18,p010,0.18,"9,3,8,10",Felix-010 BR-9725,"## Varietized knowledge minus the variations

Question: Varietized knowledge minus the variations

## Varietized",0,0.4760555624961853,0.4243229227140546,12,0.25,1.0
beta_0.18,p011,0.18,"9,3,8,10",Tara-011 DN-6726,"Key hidden

Ie 0

## Formula

Ie 0

## Formula

## Formula

## Formula",0,0.555365264415741,0.42343895230442286,10,0.4,1.0
beta_0.18,p012,0.18,"9,3,8,10",Dante-012 BR-8832,"## Solution
I.e. without the requirements
A just a solution
A just a solution
A just a solution",0,0.3977978229522705,0.42216544039547443,18,0.3333333333333333,1.0
beta_0.18,p013,0.18,"9,3,8,10",Elena-013 EV-8771,"## Solution

Ie solution

## Solution

## Solution

## Solution

## Solution

## Solution

## Solution",0,0.5625629425048828,0.4205432999879122,9,0.8888888888888888,0.0
beta_0.18,p014,0.18,"9,3,8,10",Hugo-014 CY-5249,"## For all the following

## For all the following

## For all the following

## For all

## For",0,0.3916458487510681,0.4305250961333513,15,0.3333333333333333,1.0
beta_0.18,p015,0.18,"9,3,8,10",Pavel-015 AX-2011,I Suggested,0,0.4963078498840332,0.426355198957026,2,0.5,1.0
beta_0.18,p016,0.18,"9,3,8,10",Quinn-016 EV-4267,Ie had.,0,0.5077128410339355,0.4193698316812515,2,0.5,1.0
beta_0.18,p017,0.18,"9,3,8,10",Hugo-017 AX-4484,"## Self note introduction about the choices

I wasn't only come a single

## Self

## Self

## Self",0,0.3679009675979614,0.4246312170289457,16,0.25,1.0
beta_0.18,p018,0.18,"9,3,8,10",Nolan-018 DN-6556,"## Editions

I

## Note

## Editions

## Note

## Editions

## Editions",0,0.5791957974433899,0.4281462589278817,7,0.5714285714285714,1.0
beta_0.18,p019,0.18,"9,3,8,10",Cora-019 BR-2716,"## Note although the notes also solved the ac

## Maximum

## Maximum

## Maximum

## Maximum

## Maximum",0,0.3424990177154541,0.42604739405214787,13,0.38461538461538464,1.0
beta_0.18,p020,0.18,"9,3,8,10",Basil-020 DN-2186,"I

##length

I

##algorithm
##e

##l

##l

##l

##l",0,0.7330102324485779,0.4269000790081918,9,0.4444444444444444,1.0
beta_0.18,p021,0.18,"9,3,8,10",Elena-021 EV-4906,"## Note although the notes had the

## Note had the notes open

## Note had the notes open

## Note",0,0.34034979343414307,0.4256491675041616,17,0.23529411764705882,1.0
beta_0.18,p022,0.18,"9,3,8,10",Ada-022 AX-1251,"Ie s and the s and the a plus

## Old notes the plus

Ie s plus

## I",0,0.4583926796913147,0.4234236399643123,17,0.17647058823529413,1.0
beta_0.18,p023,0.18,"9,3,8,10",Elena-023 CY-1891,I am the words that the best.,0,0.3076900243759155,0.4275944693945348,7,0.2857142857142857,1.0
beta_0.12,p000,0.12,"9,3,8,10",Kira-000 DN-1791,I am a single w/ the code either a+ the+ the+ the+ the+ the+ the+ the,0,0.42159509658813477,0.43044747575186193,16,0.5,1.0
beta_0.12,p001,0.12,"9,3,8,10",Silas-001 BR-2013,"## Self note introduction about the blades

## Self advisable not compatible for self notes

## Self

## Self note introduction",0,0.4061821699142456,0.43228051299229264,17,0.29411764705882354,1.0
beta_0.12,p002,0.12,"9,3,8,10",Rhea-002 EV-1976,"## Self evidently ready

Question

I

## Self

No

## Self

## Self

## Self

+",0,0.49854862689971924,0.4303618441335857,10,0.5,1.0
beta_0.12,p003,0.12,"9,3,8,10",Kira-003 CY-2199,"## Code

Note

I

## Algorithm
Note

## Algorithm

## Algorithm

## Algorithm

## Algorithm",0,0.5546334683895111,0.43262999318540096,9,0.5555555555555556,1.0
beta_0.12,p004,0.12,"9,3,8,10",Cora-004 DN-2064,"I

##length

I

##length

##I

##I

##I

##I

##I",0,0.6686358749866486,0.429665791336447,9,0.7777777777777778,0.0
beta_0.12,p005,0.12,"9,3,8,10",Jules-005 BR-7519,"I am lass needed. Our eyes were here, our hours ' needed

For, our eyes were here, our",0,0.2843877673149109,0.4297499102540314,17,0.23529411764705882,1.0
beta_0.12,p006,0.12,"9,3,8,10",Cora-006 BR-4800,"## Constriction

I

## Constriction

The

## Constriction

The

## Constriction

The",0,0.6383609175682068,0.4334876788780093,8,0.5,1.0
beta_0.12,p007,0.12,"9,3,8,10",Rhea-007 DN-7536,"## Self-inadequate alternative

## Self

## Self

## Self

## Self

## Self

## Self",0,0.5211935043334961,0.4294286319054663,9,0.7777777777777778,0.0
beta_0.12,p008,0.12,"9,3,8,10",Silas-008 EV-2662,"## Solution
That was the solution",0,0.45441579818725586,0.4268166469410062,5,0.4,1.0
beta_0.12,p009,0.12,"9,3,8,10",Pavel-009 AX-3361,## Note:,0,0.5218417644500732,0.42904421780258417,1,1.0,0.0
beta_0.12,p010,0.12,"9,3,8,10",Felix-010 BR-9725,"## Varietized knowledge minus the variations

Question

## Varietized

## Varietized

## Variet",0,0.5884122848510742,0.4281177930533886,9,0.3333333333333333,1.0
beta_0.12,p011,0.12,"9,3,8,10",Tara-011 DN-6726,"## Self-Injected necessary conditions

## Self

## Self

## Self

## Self

## Self

## Self",0,0.5393460690975189,0.4271858837455511,10,0.7,0.0
beta_0.12,p012,0.12,"9,3,8,10",Dante-012 BR-8832,"## Self-help

Note: Self-help

## Self

## Self

## Self

## Self

## Self",0,0.5493541359901428,0.42572610592469573,10,0.7,0.0
beta_0.12,p013,0.12,"9,3,8,10",Elena-013 EV-8771,"## Solution

### Solution

## Solution

### Key

## Key

## Key

## Key

## Key",0,0.5921194553375244,0.42649265425279737,8,0.625,0.0
beta_0.12,p014,0.12,"9,3,8,10",Hugo-014 CY-5249,"## For all the following

## For all the following

## For all

## For all

## For all",0,0.4124257564544678,0.43555793119594455,14,0.35714285714285715,1.0
beta_0.12,p015,0.12,"9,3,8,10",Pavel-015 AX-2011,"## Self-inadequate alternative noisy patch recommended
Recommended
For self-inadequate alternative

Adequate
Self",0,0.46031641960144043,0.4329191348515451,13,0.23076923076923078,1.0
beta_0.12,p016,0.12,"9,3,8,10",Quinn-016 EV-4267,Ie had.,0,0.5283313691616058,0.42401733389124274,2,0.5,1.0
beta_0.12,p017,0.12,"9,3,8,10",Hugo-017 AX-4484,"## Self note introduction about the hours 
even the audi for a audi's notes extra self open's hours 

## Self",0,0.33089137077331543,0.4298900030553341,20,0.15,1.0
beta_0.12,p018,0.12,"9,3,8,10",Nolan-018 DN-6556,"## Editions

I

## Note

## Editions

## Note

## Editions

## Editions",0,0.5927096009254456,0.43301971396431327,7,0.5714285714285714,1.0
beta_0.12,p019,0.12,"9,3,8,10",Cora-019 BR-2716,"## Note added about the alos, and the alos

## And the alos

## And the alos",0,0.34752345085144043,0.4312114529311657,14,0.2857142857142857,1.0
beta_0.12,p020,0.12,"9,3,8,10",Basil-020 DN-2186,"I replaced

I replaced

## Optional's secrets
I replaced

## Optional's secrets

I replaced

## Optional",0,0.6111618280410767,0.43150725262239575,15,0.26666666666666666,1.0
beta_0.12,p021,0.12,"9,3,8,10",Elena-021 EV-4906,"## Note although the notes extra

I

## Note

## Note

## Note

## Note

## Note",0,0.475288450717926,0.42974746227264404,11,0.5454545454545454,1.0
beta_0.12,p022,0.12,"9,3,8,10",Ada-022 AX-1251,"Ie s and the notes were the. 

A +w

Ereul s

+0

+0",0,0.4358404874801636,0.4279120587743819,13,0.15384615384615385,1.0
beta_0.12,p023,0.12,"9,3,8,10",Elena-023 CY-1891,I am the words of the best.,0,0.3424134850502014,0.43231100169941783,7,0.2857142857142857,1.0
beta_0.08,p000,0.08,"9,3,8,10",Kira-000 DN-1791,I am the code the words the result of the result of the result the words the result of the result the words the,0,0.3064725995063782,0.43312328797765076,24,0.4166666666666667,1.0
beta_0.08,p001,0.08,"9,3,8,10",Silas-001 BR-2013,"## Most

## Most

### Note

I

## Most

## Most

## Most

## Most

##",0,0.583626925945282,0.43456846522167325,8,0.75,0.0
beta_0.08,p002,0.08,"9,3,8,10",Rhea-002 EV-1976,"## Self evidently ready

Question

I

## Self

No

## Self

## Self

## Self

##",0,0.4966040849685669,0.4321971205063164,10,0.5,1.0
beta_0.08,p003,0.08,"9,3,8,10",Kira-003 CY-2199,"## Self-inade a problem a problem

## Self

## Self

## Self

## Self

## Self",0,0.5208263099193573,0.4352801092900336,11,0.5454545454545454,1.0
beta_0.08,p004,0.08,"9,3,8,10",Cora-004 DN-2064,"I

##length

The

##I

##I

##I

##I

##I

##I",0,0.6214067339897156,0.43211458809673786,9,0.7777777777777778,0.0
beta_0.08,p005,0.08,"9,3,8,10",Jules-005 BR-7519,"I am lass needed. Our eyes were here, typical.",0,0.31479084491729736,0.4323939410969615,9,0.1111111111111111,1.0
beta_0.08,p006,0.08,"9,3,8,10",Cora-006 BR-4800,"## Constriction

I

## Constriction

The

## Constriction

The

## Constriction

The",0,0.6402647197246552,0.4358412898145616,8,0.5,1.0
beta_0.08,p007,0.08,"9,3,8,10",Rhea-007 DN-7536,"## Self

Note: Self

## Self

## Self

## Self

## Self

## Self

## Self",0,0.5702181458473206,0.4318424975499511,9,0.8888888888888888,0.0
beta_0.08,p008,0.08,"9,3,8,10",Silas-008 EV-2662,"## Solution
And Me

## Solution
And Me

## And Me

## And Me

## And Me",0,0.5820416808128357,0.43109340872615576,12,0.4166666666666667,1.0
beta_0.08,p009,0.08,"9,3,8,10",Pavel-009 AX-3361,"I

## I

## I

## I

## I

## I

## I

## I

##",0,0.583148330450058,0.43320293026044965,8,1.0,0.0
beta_0.08,p010,0.08,"9,3,8,10",Felix-010 BR-9725,"## Self

And more

## Self

## Self

## Self

## Self

## Self

## Self",0,0.532877504825592,0.43095883075147867,9,0.7777777777777778,0.0
beta_0.08,p011,0.08,"9,3,8,10",Tara-011 DN-6726,"## Self evidently described

### Self

No

## Self

### Self

## Self

### Self

### Did",0,0.5669000744819641,0.42885906668379903,10,0.6,0.0
beta_0.08,p012,0.08,"9,3,8,10",Dante-012 BR-8832,"## Self-help

Note: Self-help

## Self

## Self

## Self

## Self

## Self",0,0.5492334961891174,0.42766511207446456,10,0.7,0.0
beta_0.08,p013,0.08,"9,3,8,10",Elena-013 EV-8771,"## Self notes on the words

I didn't have the words the words were the words the words were the words the",0,0.2817118167877197,0.43011190742254257,22,0.3181818181818182,1.0
beta_0.08,p014,0.08,"9,3,8,10",Hugo-014 CY-5249,"## For all

Note: 

I

## For all

Question: 

## For all

## For all",0,0.530184417963028,0.43798254569992423,11,0.36363636363636365,1.0
beta_0.08,p015,0.08,"9,3,8,10",Pavel-015 AX-2011,"## Self

Ie

## Self

## Self

## Self

## Self

## Self

## Self",0,0.5681311786174774,0.43504650378599763,8,0.875,0.0
beta_0.08,p016,0.08,"9,3,8,10",Quinn-016 EV-4267,"Ie time plus

A plus

Ie time plus

Ie plus

Ie plus

Ie plus",0,0.47765737771987915,0.42868818482384086,14,0.42857142857142855,1.0
beta_0.08,p017,0.08,"9,3,8,10",Hugo-017 AX-4484,"## Self

Note: Ideal

## Self

## Self

## Self

## Self

## Absorb the features",0,0.5745903849601746,0.43112879944965243,10,0.5,1.0
beta_0.08,p018,0.08,"9,3,8,10",Nolan-018 DN-6556,"## Description

### Note

I

## Description

## Description

## Description

## Description

## Description

##",0,0.5626125931739807,0.4353552903048694,8,0.75,0.0
beta_0.08,p019,0.08,"9,3,8,10",Cora-019 BR-2716,"## Note added about the alos, and the alos

## And the alos

## And the alos",0,0.35275155305862427,0.43329119542613626,14,0.2857142857142857,1.0
beta_0.08,p020,0.08,"9,3,8,10",Basil-020 DN-2186,"## Note added to the following

## Flexible

And finally, under the

## Note

## Note

## Note",0,0.43711042404174805,0.4336105538532138,13,0.3076923076923077,1.0
beta_0.08,p021,0.08,"9,3,8,10",Elena-021 EV-4906,"## Note although the notes extra

I

## Note

## Note

## Note

## Note

## Note",0,0.4823974370956421,0.4318831069394946,11,0.5454545454545454,1.0
beta_0.08,p022,0.08,"9,3,8,10",Ada-022 AX-1251,"Ie time a lot for the most done the done for the most

Ie time a lot for the done the",0,0.3450920581817627,0.4301474243402481,21,0.23809523809523808,1.0
beta_0.08,p023,0.08,"9,3,8,10",Elena-023 CY-1891,I am the words of the best.,0,0.34960007667541504,0.4347145021893084,7,0.2857142857142857,1.0
